Workbook

Sheet Worksheet
A1: NIM | B1: Nama Mahasiswa | C1: Kode MK | D1: Mata Kuliah | E1: Semester | F1: Kelas | G1: Nilai Huruf | H1: Nilai Indeks | I1: Nilai Angka | J1: Kode Prodi
A2: F1B011041 | B2: I Wayan Arya Putra K | C2: ES1215 | D2: ALGORITMA DAN PEMROGRAMAN | E2: 20171 | F2: A | G2: B+ | H2: 3.5 | I2: 0 | J2: 20201 | L2: =IF(D1<>D2,D2,"") -> ALGORITMA DAN PEMROGRAMAN | M2: =IF(F1<>F2,F2,"") -> A
A3: F1B011069 | B3: Qanur Thariq | C3: ES1215 | D3: ALGORITMA DAN PEMROGRAMAN | E3: 20171 | F3: A | G3: B | H3: 3 | I3: 0 | J3: 20201 | L3: =IF(D2<>D3,D3,"") | M3: =IF(F2<>F3,F3,"")
A4: F1B013091 | B4: TIRANGGA ANSORI | C4: ES1215 | D4: ALGORITMA DAN PEMROGRAMAN | E4: 20171 | F4: A | G4: B | H4: 3 | I4: 0 | J4: 20201 | L4: =IF(D3<>D4,D4,"") | M4: =IF(F3<>F4,F4,"")
A5: F1B014027 | B5: GALUH HARDI PRATAMA | C5: ES1215 | D5: ALGORITMA DAN PEMROGRAMAN | E5: 20171 | F5: A | G5: E | H5: 0 | I5: 0 | J5: 20201 | L5: =IF(D4<>D5,D5,"") | M5: =IF(F4<>F5,F5,"")
A6: F1B016001 | B6: ACHMAD GILDAS THAUTY | C6: ES1215 | D6: ALGORITMA DAN PEMROGRAMAN | E6: 20171 | F6: A | G6: B+ | H6: 3.5 | I6: 0 | J6: 20201 | L6: =IF(D5<>D6,D6,"") | M6: =IF(F5<>F6,F6,"")
A7: F1B016003 | B7: AFI SEPIYANDI | C7: ES1215 | D7: ALGORITMA DAN PEMROGRAMAN | E7: 20171 | F7: A | G7: B | H7: 3 | I7: 0 | J7: 20201 | L7: =IF(D6<>D7,D7,"") | M7: =IF(F6<>F7,F7,"")
A8: F1B016007 | B8: AHMAD SYAMSUDIN HAMBALI | C8: ES1215 | D8: ALGORITMA DAN PEMROGRAMAN | E8: 20171 | F8: A | G8: D+ | H8: 1.5 | I8: 0 | J8: 20201 | L8: =IF(D7<>D8,D8,"") | M8: =IF(F7<>F8,F8,"")
A9: F1B016009 | B9: ALFAN SUFFA PRAMANA | C9: ES1215 | D9: ALGORITMA DAN PEMROGRAMAN | E9: 20171 | F9: A | G9: B | H9: 3 | I9: 0 | J9: 20201 | L9: =IF(D8<>D9,D9,"") | M9: =IF(F8<>F9,F9,"")
A10: F1B016011 | B10: Alif Adi Prasetya | C10: ES1215 | D10: ALGORITMA DAN PEMROGRAMAN | E10: 20171 | F10: A | G10: B | H10: 3 | I10: 0 | J10: 20201 | L10: =IF(D9<>D10,D10,"") | M10: =IF(F9<>F10,F10,"")
A11: F1B016013 | B11: Andre Fikriawan | C11: ES1215 | D11: ALGORITMA DAN PEMROGRAMAN | E11: 20171 | F11: A | G11: B | H11: 3 | I11: 0 | J11: 20201 | L11: =IF(D10<>D11,D11,"") | M11: =IF(F10<>F11,F11,"")
A12: F1B016015 | B12: ANSARI INDRAWAN ASIKIN | C12: ES1215 | D12: ALGORITMA DAN PEMROGRAMAN | E12: 20171 | F12: A | G12: B | H12: 3 | I12: 0 | J12: 20201 | L12: =IF(D11<>D12,D12,"") | M12: =IF(F11<>F12,F12,"")
A13: F1B016017 | B13: ARI SATRIADI | C13: ES1215 | D13: ALGORITMA DAN PEMROGRAMAN | E13: 20171 | F13: A | G13: B | H13: 3 | I13: 0 | J13: 20201 | L13: =IF(D12<>D13,D13,"") | M13: =IF(F12<>F13,F13,"")
... A3503: F1B212084 | B3503: Rizal Satria Aryadi | C3503: ES4248 | D3503: TUGAS AKHIR | E3503: 20171 | F3503: R | G3503: T | H3503: 0 | I3503: 0 | J3503: 20201 | L3503: =IF(D3502<>D3503,D3503,"") | M3503: =IF(F3502<>F3503,F3503,"")

Sheet Rekap Mhs
A1: NIM | B1: Nama | C1: Semester | D1: SKS | E1: IP Semester | F1: SKS Kumulatif | G1: IP Kumulatif | H1: Status | I1: Kode Prodi | K1: tambah sks | M1: SKS * IPS | N1: SKS * IPK | P1: SKS | Q1: IP Semester | R1: SKS Kumulatif | S1: IP Kumulatif | T1: Status | U1: Kode Prodi
A2: F1B009043 | B2: M.Sofian Sahuri | C2: 20171 | D2: =VLOOKUP(A2,[1]Worksheet!$A$2:$I$1049,4,0) -> 4 | E2: =VLOOKUP(A2,[1]Worksheet!$A$2:$I$1049,5,0) -> 3.5 | F2: =VLOOKUP(A2,[1]Worksheet!$A$2:$I$1049,6,0) -> 131 | G2: =VLOOKUP(A2,[1]Worksheet!$A$2:$I$1049,7,0) -> 2.26 | K2: 0 | M2: =D2*E2 -> 14 | N2: =F2*G2 -> 296.06 | P2: =K2+D2 -> 4 | Q2: =M2/P2 -> 3.5 | R2: =F2+K2 -> 131 | S2: =N2/R2 -> 2.26
A3: F1B009059 | B3: Muhammad Rizki Fauzi | C3: 20171 | D3: =VLOOKUP(A3,[1]Worksheet!$A$2:$I$1049,4,0) -> 9 | E3: =VLOOKUP(A3,[1]Worksheet!$A$2:$I$1049,5,0) -> 1.78 | F3: =VLOOKUP(A3,[1]Worksheet!$A$2:$I$1049,6,0) -> 185 | G3: =VLOOKUP(A3,[1]Worksheet!$A$2:$I$1049,7,0) -> 1.87 | K3: 0 | M3: =D3*E3 -> 16.02 | N3: =F3*G3 -> 345.95 | P3: =K3+D3 -> 9 | Q3: =M3/P3 -> 1.78 | R3: =F3+K3 -> 185 | S3: =N3/R3 -> 1.87
A4: F1B010003 | B4: ADI PRALYANTO ANGGAJAYA | C4: 20171 | D4: =VLOOKUP(A4,[1]Worksheet!$A$2:$I$1049,4,0) -> 4 | E4: =VLOOKUP(A4,[1]Worksheet!$A$2:$I$1049,5,0) -> 3.5 | F4: =VLOOKUP(A4,[1]Worksheet!$A$2:$I$1049,6,0) -> 183 | G4: =VLOOKUP(A4,[1]Worksheet!$A$2:$I$1049,7,0) -> 2.58 | K4: 0 | M4: =D4*E4 -> 14 | N4: =F4*G4 -> 472.14 | P4: =K4+D4 -> 4 | Q4: =M4/P4 -> 3.5 | R4: =F4+K4 -> 183 | S4: =N4/R4 -> 2.58
A5: F1B010008 | B5: EDI WIRANATA | C5: 20171 | D5: =VLOOKUP(A5,[1]Worksheet!$A$2:$I$1049,4,0) -> 4 | E5: =VLOOKUP(A5,[1]Worksheet!$A$2:$I$1049,5,0) -> 3.5 | F5: =VLOOKUP(A5,[1]Worksheet!$A$2:$I$1049,6,0) -> 163 | G5: =VLOOKUP(A5,[1]Worksheet!$A$2:$I$1049,7,0) -> 2.67 | K5: 0 | M5: =D5*E5 -> 14 | N5: =F5*G5 -> 435.21 | P5: =K5+D5 -> 4 | Q5: =M5/P5 -> 3.5 | R5: =F5+K5 -> 163 | S5: =N5/R5 -> 2.67
A6: F1B010013 | B6: SAMSUL BAHRAEN | C6: 20171 | D6: =VLOOKUP(A6,[1]Worksheet!$A$2:$I$1049,4,0) -> 4 | E6: =VLOOKUP(A6,[1]Worksheet!$A$2:$I$1049,5,0) -> 3 | F6: =VLOOKUP(A6,[1]Worksheet!$A$2:$I$1049,6,0) -> 185 | G6: =VLOOKUP(A6,[1]Worksheet!$A$2:$I$1049,7,0) -> 2.06 | K6: 0 | M6: =D6*E6 -> 12 | N6: =F6*G6 -> 381.1 | P6: =K6+D6 -> 4 | Q6: =M6/P6 -> 3 | R6: =F6+K6 -> 185 | S6: =N6/R6 -> 2.06
A7: F1B010018 | B7: JUAN JUSTITI | C7: 20171 | D7: =VLOOKUP(A7,[1]Worksheet!$A$2:$I$1049,4,0) -> 19 | E7: =VLOOKUP(A7,[1]Worksheet!$A$2:$I$1049,5,0) -> 0.74 | F7: =VLOOKUP(A7,[1]Worksheet!$A$2:$I$1049,6,0) -> 197 | G7: =VLOOKUP(A7,[1]Worksheet!$A$2:$I$1049,7,0) -> 2.34 | K7: 0 | M7: =D7*E7 -> 14.06 | N7: =F7*G7 -> 460.98 | P7: =K7+D7 -> 19 | Q7: =M7/P7 -> 0.74 | R7: =F7+K7 -> 197 | S7: =N7/R7 -> 2.34
A8: F1B010024 | B8: ZAENUL ILHAM | C8: 20171 | D8: =VLOOKUP(A8,[1]Worksheet!$A$2:$I$1049,4,0) -> 4 | E8: =VLOOKUP(A8,[1]Worksheet!$A$2:$I$1049,5,0) -> 3.5 | F8: =VLOOKUP(A8,[1]Worksheet!$A$2:$I$1049,6,0) -> 164 | G8: =VLOOKUP(A8,[1]Worksheet!$A$2:$I$1049,7,0) -> 2.7 | K8: 0 | M8: =D8*E8 -> 14 | N8: =F8*G8 -> 442.8 | P8: =K8+D8 -> 4 | Q8: =M8/P8 -> 3.5 | R8: =F8+K8 -> 164 | S8: =N8/R8 -> 2.7
A9: F1B010029 | B9: ATNI MARDIANA | C9: 20171 | D9: =VLOOKUP(A9,[1]Worksheet!$A$2:$I$1049,4,0) -> 10 | E9: =VLOOKUP(A9,[1]Worksheet!$A$2:$I$1049,5,0) -> 0 | F9: =VLOOKUP(A9,[1]Worksheet!$A$2:$I$1049,6,0) -> 188 | G9: =VLOOKUP(A9,[1]Worksheet!$A$2:$I$1049,7,0) -> 1.91 | K9: 4 | M9: =D9*E9 -> 0 | N9: =F9*G9 -> 359.08 | P9: =K9+D9 -> 14 | Q9: =M9/P9 -> 0 | R9: =F9+K9 -> 192 | S9: =N9/R9 -> 1.8702083
A10: F1B010034 | B10: M. NUR IHSAN | C10: 20171 | D10: =VLOOKUP(A10,[1]Worksheet!$A$2:$I$1049,4,0) -> 4 | E10: =VLOOKUP(A10,[1]Worksheet!$A$2:$I$1049,5,0) -> 3.5 | F10: =VLOOKUP(A10,[1]Worksheet!$A$2:$I$1049,6,0) -> 179 | G10: =VLOOKUP(A10,[1]Worksheet!$A$2:$I$1049,7,0) -> 2.28 | K10: 0 | M10: =D10*E10 -> 14 | N10: =F10*G10 -> 408.12 | P10: =K10+D10 -> 4 | Q10: =M10/P10 -> 3.5 | R10: =F10+K10 -> 179 | S10: =N10/R10 -> 2.28
A11: F1B010035 | B11: I GEDE YOGA SARMUDITHA | C11: 20171 | D11: =VLOOKUP(A11,[1]Worksheet!$A$2:$I$1049,4,0) -> 4 | E11: =VLOOKUP(A11,[1]Worksheet!$A$2:$I$1049,5,0) -> 3.5 | F11: =VLOOKUP(A11,[1]Worksheet!$A$2:$I$1049,6,0) -> 188 | G11: =VLOOKUP(A11,[1]Worksheet!$A$2:$I$1049,7,0) -> 2.23 | K11: 0 | M11: =D11*E11 -> 14 | N11: =F11*G11 -> 419.24 | P11: =K11+D11 -> 4 | Q11: =M11/P11 -> 3.5 | R11: =F11+K11 -> 188 | S11: =N11/R11 -> 2.23
A12: F1B010042 | B12: IZDYAD FATHIN | C12: 20171 | D12: =VLOOKUP(A12,[1]Worksheet!$A$2:$I$1049,4,0) -> 4 | E12: =VLOOKUP(A12,[1]Worksheet!$A$2:$I$1049,5,0) -> 3.5 | F12: =VLOOKUP(A12,[1]Worksheet!$A$2:$I$1049,6,0) -> 166 | G12: =VLOOKUP(A12,[1]Worksheet!$A$2:$I$1049,7,0) -> 2.56 | K12: 0 | M12: =D12*E12 -> 14 | N12: =F12*G12 -> 424.96 | P12: =K12+D12 -> 4 | Q12: =M12/P12 -> 3.5 | R12: =F12+K12 -> 166 | S12: =N12/R12 -> 2.56
A13: F1B010052 | B13: HAZINATUL ASRON | C13: 20171 | D13: =VLOOKUP(A13,[1]Worksheet!$A$2:$I$1049,4,0) -> 5 | E13: =VLOOKUP(A13,[1]Worksheet!$A$2:$I$1049,5,0) -> 2.6 | F13: =VLOOKUP(A13,[1]Worksheet!$A$2:$I$1049,6,0) -> 176 | G13: =VLOOKUP(A13,[1]Worksheet!$A$2:$I$1049,7,0) -> 2.32 | K13: 0 | M13: =D13*E13 -> 13 | N13: =F13*G13 -> 408.32 | P13: =K13+D13 -> 5 | Q13: =M13/P13 -> 2.6 | R13: =F13+K13 -> 176 | S13: =N13/R13 -> 2.32
... A486: F1B212090 | B486: Suhaili Rahman | C486: 20171 | D486: =VLOOKUP(A486,[1]Worksheet!$A$2:$I$1049,4,0) -> 10 | E486: =VLOOKUP(A486,[1]Worksheet!$A$2:$I$1049,5,0) -> 2.4 | F486: =VLOOKUP(A486,[1]Worksheet!$A$2:$I$1049,6,0) -> 156 | G486: =VLOOKUP(A486,[1]Worksheet!$A$2:$I$1049,7,0) -> 2.18 | K486: 0 | M486: =D486*E486 -> 24 | N486: =F486*G486 -> 340.08 | P486: =K486+D486 -> 10 | Q486: =M486/P486 -> 2.4 | R486: =F486+K486 -> 156 | S486: =N486/R486 -> 2.18

Sheet rekap MK
A1: ALGORITMA DAN PEMROGRAMAN | B1: =COUNTIF('Rekap Kls MK'!$B$2:$B$96,'rekap MK'!A1) -> 2
A2: ANALISA SISTEM TENAGA I | B2: =COUNTIF('Rekap Kls MK'!$B$2:$B$96,'rekap MK'!A2) -> 1
A3: ANTENA DAN PROPAGASI | B3: =COUNTIF('Rekap Kls MK'!$B$2:$B$96,'rekap MK'!A3) -> 1
A4: BAHASA INDONESIA | B4: =COUNTIF('Rekap Kls MK'!$B$2:$B$96,'rekap MK'!A4) -> 1
A5: BAHASA INGGRIS I | B5: =COUNTIF('Rekap Kls MK'!$B$2:$B$96,'rekap MK'!A5) -> 1
A6: BASIS DATA | B6: =COUNTIF('Rekap Kls MK'!$B$2:$B$96,'rekap MK'!A6) -> 1
A7: BIOLOGI UMUM | B7: =COUNTIF('Rekap Kls MK'!$B$2:$B$96,'rekap MK'!A7) -> 1
A8: DASAR ELEKTRONIKA | B8: =COUNTIF('Rekap Kls MK'!$B$2:$B$96,'rekap MK'!A8) -> 3
A9: DASAR TEKNOLOGI INFORMASI | B9: =COUNTIF('Rekap Kls MK'!$B$2:$B$96,'rekap MK'!A9) -> 3
A10: DASAR TENAGA LISTRIK | B10: =COUNTIF('Rekap Kls MK'!$B$2:$B$96,'rekap MK'!A10) -> 3
A11: EKONOMI TEKNIK | B11: =COUNTIF('Rekap Kls MK'!$B$2:$B$96,'rekap MK'!A11) -> 3
A12: ELEKTROMAGNETIK LANJUT | B12: =COUNTIF('Rekap Kls MK'!$B$2:$B$96,'rekap MK'!A12) -> 1
... A75: TUGAS AKHIR | B75: =COUNTIF('Rekap Kls MK'!$B$2:$B$96,'rekap MK'!A75) -> 1
B76: =SUM(B1:B75) -> 95

Sheet Rekap Kls MK
A1: kode | I1: SKS
A2: =VLOOKUP(B2,[2]Sheet1!$D$5:$L$185,9,0) -> ES4143 | B2: PRAKTEK KERJA LAPANGAN | C2: R | D2: 6 | E2: =VLOOKUP(D2,[3]Sheet2!$A$6:$F$43,4,0) -> 0026056701 | F2: =VLOOKUP(D2,[3]Sheet2!$A$6:$F$43,6,0) -> Sudi M. Al Sasongko, ST., MT. | G2: =VLOOKUP(A2,Worksheet!$C$2:$D$3503,2,0) -> PRAKTEK KERJA LAPANGAN | H2: =IF(B2=G2,1,0) -> 1 | I2: =VLOOKUP(A2,[2]Sheet1!$C$5:$E$185,3,0) -> 2
A3: =VLOOKUP(B3,[2]Sheet1!$D$5:$L$185,9,0) -> ED4112 | B3: PRAKTIKUM ALGORITMA DAN STRUKTUR DATA | C3: R | D3: 17 | E3: =VLOOKUP(D3,[3]Sheet2!$A$6:$F$43,4,0) -> 0024117102 | F3: =VLOOKUP(D3,[3]Sheet2!$A$6:$F$43,6,0) -> A. Sjamsjiar Rachman, ST., MT. | G3: =VLOOKUP(A3,Worksheet!$C$2:$D$3503,2,0) -> PRAKTIKUM ALGORITMA DAN STRUKTUR DATA | H3: =IF(B3=G3,1,0) -> 1 | I3: =VLOOKUP(A3,[2]Sheet1!$C$5:$E$185,3,0) -> 1
A4: =VLOOKUP(B4,[2]Sheet1!$D$5:$L$185,9,0) -> ED4113 | B4: PRAKTIKUM BASIS DATA | C4: R | D4: 17 | E4: =VLOOKUP(D4,[3]Sheet2!$A$6:$F$43,4,0) -> 0024117102 | F4: =VLOOKUP(D4,[3]Sheet2!$A$6:$F$43,6,0) -> A. Sjamsjiar Rachman, ST., MT. | G4: =VLOOKUP(A4,Worksheet!$C$2:$D$3503,2,0) -> PRAKTIKUM BASIS DATA | H4: =IF(B4=G4,1,0) -> 1 | I4: =VLOOKUP(A4,[2]Sheet1!$C$5:$E$185,3,0) -> 1
A5: =VLOOKUP(B5,[2]Sheet1!$D$5:$L$185,9,0) -> EA4116 | B5: PRAKTIKUM ELEKTRONIKA DAYA | C5: R | D5: 8 | E5: =VLOOKUP(D5,[3]Sheet2!$A$6:$F$43,4,0) -> 0008097004 | F5: =VLOOKUP(D5,[3]Sheet2!$A$6:$F$43,6,0) -> I Nyoman Wahyu S., ST., M.Sc., Ph.D. | G5: =VLOOKUP(A5,Worksheet!$C$2:$D$3503,2,0) -> PRAKTIKUM ELEKTRONIKA DAYA | H5: =IF(B5=G5,1,0) -> 1 | I5: =VLOOKUP(A5,[2]Sheet1!$C$5:$E$185,3,0) -> 1
A6: =VLOOKUP(B6,[2]Sheet1!$D$5:$L$185,9,0) -> EB3104 | B6: PRAKTIKUM ELEKTRONIKA DIGITAL | C6: R | D6: 23 | E6: =VLOOKUP(D6,[3]Sheet2!$A$6:$F$43,4,0) -> 0026047105 | F6: =VLOOKUP(D6,[3]Sheet2!$A$6:$F$43,6,0) -> I Made Budi Suksmadana, ST., MT. | G6: =VLOOKUP(A6,Worksheet!$C$2:$D$3503,2,0) -> PRAKTIKUM ELEKTRONIKA DIGITAL | H6: =IF(B6=G6,1,0) -> 1 | I6: =VLOOKUP(A6,[2]Sheet1!$C$5:$E$185,3,0) -> 1
A7: =VLOOKUP(B7,[2]Sheet1!$D$5:$L$185,9,0) -> ED4114 | B7: PRAKTIKUM JARINGAN KOMPUTER | C7: R | D7: 17 | E7: =VLOOKUP(D7,[3]Sheet2!$A$6:$F$43,4,0) -> 0024117102 | F7: =VLOOKUP(D7,[3]Sheet2!$A$6:$F$43,6,0) -> A. Sjamsjiar Rachman, ST., MT. | G7: =VLOOKUP(A7,Worksheet!$C$2:$D$3503,2,0) -> PRAKTIKUM JARINGAN KOMPUTER | H7: =IF(B7=G7,1,0) -> 1 | I7: =VLOOKUP(A7,[2]Sheet1!$C$5:$E$185,3,0) -> 1
A8: =VLOOKUP(B8,[2]Sheet1!$D$5:$L$185,9,0) -> EB4113 | B8: PRAKTIKUM PENGOLAHAN SINYAL DIGITAL | C8: R | D8: 24 | E8: =VLOOKUP(D8,[3]Sheet2!$A$6:$F$43,4,0) -> 0004047303 | F8: =VLOOKUP(D8,[3]Sheet2!$A$6:$F$43,6,0) -> I Made Ari Nrartha, ST., MT. | G8: =VLOOKUP(A8,Worksheet!$C$2:$D$3503,2,0) -> PRAKTIKUM PENGOLAHAN SINYAL DIGITAL | H8: =IF(B8=G8,1,0) -> 1 | I8: =VLOOKUP(A8,[2]Sheet1!$C$5:$E$185,3,0) -> 1
A9: =VLOOKUP(B9,[2]Sheet1!$D$5:$L$185,9,0) -> ES2123 | B9: PRAKTIKUM PENGUKURAN BESARAN LISTRIK | C9: R | D9: 2 | E9: =VLOOKUP(D9,[3]Sheet2!$A$6:$F$43,4,0) -> 0007067105 | F9: =VLOOKUP(D9,[3]Sheet2!$A$6:$F$43,6,0) -> Supriyatna, ST., MT. | G9: =VLOOKUP(A9,Worksheet!$C$2:$D$3503,2,0) -> PRAKTIKUM PENGUKURAN BESARAN LISTRIK | H9: =IF(B9=G9,1,0) -> 1 | I9: =VLOOKUP(A9,[2]Sheet1!$C$5:$E$185,3,0) -> 1
A10: =VLOOKUP(B10,[2]Sheet1!$D$5:$L$185,9,0) -> EA4114 | B10: PRAKTIKUM PROTEKSI SISTEM TENAGA | C10: R | D10: 25 | E10: =VLOOKUP(D10,[3]Sheet2!$A$6:$F$43,4,0) -> 0025037004 | F10: =VLOOKUP(D10,[3]Sheet2!$A$6:$F$43,6,0) -> Dr. I Made Ginarsa, ST., MT. | G10: =VLOOKUP(A10,Worksheet!$C$2:$D$3503,2,0) -> PRAKTIKUM PROTEKSI SISTEM TENAGA | H10: =IF(B10=G10,1,0) -> 1 | I10: =VLOOKUP(A10,[2]Sheet1!$C$5:$E$185,3,0) -> 1
A11: =VLOOKUP(B11,[2]Sheet1!$D$5:$L$185,9,0) -> EB3102 | B11: PRAKTIKUM RANGKAIAN ELEKTRONIKA | C11: R | D11: 24 | E11: =VLOOKUP(D11,[3]Sheet2!$A$6:$F$43,4,0) -> 0004047303 | F11: =VLOOKUP(D11,[3]Sheet2!$A$6:$F$43,6,0) -> I Made Ari Nrartha, ST., MT. | G11: =VLOOKUP(A11,Worksheet!$C$2:$D$3503,2,0) -> PRAKTIKUM RANGKAIAN ELEKTRONIKA | H11: =IF(B11=G11,1,0) -> 1 | I11: =VLOOKUP(A11,[2]Sheet1!$C$5:$E$185,3,0) -> 1
A12: =VLOOKUP(B12,[2]Sheet1!$D$5:$L$185,9,0) -> ES2232 | B12: PRAKTIKUM RANGKAIAN LISTRIK | C12: R | D12: 2 | E12: =VLOOKUP(D12,[3]Sheet2!$A$6:$F$43,4,0) -> 0007067105 | F12: =VLOOKUP(D12,[3]Sheet2!$A$6:$F$43,6,0) -> Supriyatna, ST., MT. | G12: =VLOOKUP(A12,Worksheet!$C$2:$D$3503,2,0) -> PRAKTIKUM RANGKAIAN LISTRIK | H12: =IF(B12=G12,1,0) -> 1 | I12: =VLOOKUP(A12,[2]Sheet1!$C$5:$E$185,3,0) -> 1
A13: =VLOOKUP(B13,[2]Sheet1!$D$5:$L$185,9,0) -> ES1214 | B13: PRAKTIKUM RANGKAIAN LOGIKA | C13: R | D13: 25 | E13: =VLOOKUP(D13,[3]Sheet2!$A$6:$F$43,4,0) -> 0025037004 | F13: =VLOOKUP(D13,[3]Sheet2!$A$6:$F$43,6,0) -> Dr. I Made Ginarsa, ST., MT. | G13: =VLOOKUP(A13,Worksheet!$C$2:$D$3503,2,0) -> PRAKTIKUM RANGKAIAN LOGIKA | H13: =IF(B13=G13,1,0) -> 1 | I13: =VLOOKUP(A13,[2]Sheet1!$C$5:$E$185,3,0) -> 1
... A15: =VLOOKUP(B15,[2]Sheet1!$D$5:$L$185,9,0) -> EC4114 | B15: PRAKTIKUM SISTEM TELEKOMUNIKASI | C15: R | D15: 19 | E15: =VLOOKUP(D15,[3]Sheet2!$A$6:$F$43,4,0) -> 0017017203 | F15: =VLOOKUP(D15,[3]Sheet2!$A$6:$F$43,6,0) -> Made Sutha Yadnya, ST., MT. | G15: =VLOOKUP(A15,Worksheet!$C$2:$D$3503,2,0) -> PRAKTIKUM SISTEM TELEKOMUNIKASI | H15: =IF(B15=G15,1,0) -> 1 | I15: =VLOOKUP(A15,[2]Sheet1!$C$5:$E$185,3,0) -> 1
A16: EA4117 | B16: PRAKTIKUM TRANSMISI DAN DISTRIBUSI TL | C16: R | D16: 25 | E16: =VLOOKUP(D16,[3]Sheet2!$A$6:$F$43,4,0) -> 0025037004 | F16: =VLOOKUP(D16,[3]Sheet2!$A$6:$F$43,6,0) -> Dr. I Made Ginarsa, ST., MT. | G16: =VLOOKUP(A16,Worksheet!$C$2:$D$3503,2,0) -> PRAKTIKUM TRANSMISI DAN DISTRIBUSI TL | H16: =IF(B16=G16,1,0) -> 1 | I16: =VLOOKUP(A16,[2]Sheet1!$C$5:$E$185,3,0) -> 1
A17: =VLOOKUP(B17,[2]Sheet1!$D$5:$L$185,9,0) -> ES4248 | B17: TUGAS AKHIR | C17: R | D17: 6 | E17: =VLOOKUP(D17,[3]Sheet2!$A$6:$F$43,4,0) -> 0026056701 | F17: =VLOOKUP(D17,[3]Sheet2!$A$6:$F$43,6,0) -> Sudi M. Al Sasongko, ST., MT. | G17: =VLOOKUP(A17,Worksheet!$C$2:$D$3503,2,0) -> TUGAS AKHIR | H17: =IF(B17=G17,1,0) -> 1 | I17: =VLOOKUP(A17,[2]Sheet1!$C$5:$E$185,3,0) -> 4
A18: =VLOOKUP(B18,[2]Sheet1!$D$5:$L$185,9,0) -> ES4245 | B18: KULIAH KERJA NYATA (KKN) | C18: R | D18: 6 | E18: =VLOOKUP(D18,[3]Sheet2!$A$6:$F$43,4,0) -> 0026056701 | F18: =VLOOKUP(D18,[3]Sheet2!$A$6:$F$43,6,0) -> Sudi M. Al Sasongko, ST., MT. | G18: =VLOOKUP(A18,Worksheet!$C$2:$D$3503,2,0) -> KULIAH KERJA NYATA (KKN) | H18: =IF(B18=G18,1,0) -> 1 | I18: =VLOOKUP(A18,[2]Sheet1!$C$5:$E$185,3,0) -> 4
A19: =VLOOKUP(B19,[2]Sheet1!$D$5:$L$185,9,0) -> ES1215 | B19: ALGORITMA DAN PEMROGRAMAN | C19: A | D19: 7 | E19: =VLOOKUP(D19,[3]Sheet2!$A$6:$F$43,4,0) -> 0005106805 | F19: =VLOOKUP(D19,[3]Sheet2!$A$6:$F$43,6,0) -> Misbahuddin, ST., MT. | G19: =VLOOKUP(A19,Worksheet!$C$2:$D$3503,2,0) -> ALGORITMA DAN PEMROGRAMAN | H19: =IF(B19=G19,1,0) -> 1 | I19: =VLOOKUP(A19,[2]Sheet1!$C$5:$E$185,3,0) -> 2
A20: =VLOOKUP(B20,[2]Sheet1!$D$5:$L$185,9,0) -> ES1215 | B20: ALGORITMA DAN PEMROGRAMAN | C20: B | D20: 36 | E20: =VLOOKUP(D20,[3]Sheet2!$A$6:$F$43,4,0) -> 0004098205 | F20: =VLOOKUP(D20,[3]Sheet2!$A$6:$F$43,6,0) -> Giri Wahyu Wiriasto, ST., MT. | G20: =VLOOKUP(A20,Worksheet!$C$2:$D$3503,2,0) -> ALGORITMA DAN PEMROGRAMAN | H20: =IF(B20=G20,1,0) -> 1 | I20: =VLOOKUP(A20,[2]Sheet1!$C$5:$E$185,3,0) -> 2
A21: =VLOOKUP(B21,[2]Sheet1!$D$5:$L$185,9,0) -> ES2124 | B21: DASAR ELEKTRONIKA | C21: A | D21: 17 | E21: =VLOOKUP(D21,[3]Sheet2!$A$6:$F$43,4,0) -> 0024117102 | F21: =VLOOKUP(D21,[3]Sheet2!$A$6:$F$43,6,0) -> A. Sjamsjiar Rachman, ST., MT. | G21: =VLOOKUP(A21,Worksheet!$C$2:$D$3503,2,0) -> DASAR ELEKTRONIKA | H21: =IF(B21=G21,1,0) -> 1 | I21: =VLOOKUP(A21,[2]Sheet1!$C$5:$E$185,3,0) -> 3
A22: =VLOOKUP(B22,[2]Sheet1!$D$5:$L$185,9,0) -> ES2124 | B22: DASAR ELEKTRONIKA | C22: B | D22: 38 | E22: =VLOOKUP(D22,[3]Sheet2!$A$6:$F$43,4,0) -> 0826058503 | F22: =VLOOKUP(D22,[3]Sheet2!$A$6:$F$43,6,0) -> Budi Darmawan, ST., M.Eng. | G22: =VLOOKUP(A22,Worksheet!$C$2:$D$3503,2,0) -> DASAR ELEKTRONIKA | H22: =IF(B22=G22,1,0) -> 1 | I22: =VLOOKUP(A22,[2]Sheet1!$C$5:$E$185,3,0) -> 3
A23: =VLOOKUP(B23,[2]Sheet1!$D$5:$L$185,9,0) -> ES2124 | B23: DASAR ELEKTRONIKA | C23: C | D23: 4 | E23: =VLOOKUP(D23,[3]Sheet2!$A$6:$F$43,4,0) -> 0012066905 | F23: =VLOOKUP(D23,[3]Sheet2!$A$6:$F$43,6,0) -> Syafaruddin Ch., ST., MT. | G23: =VLOOKUP(A23,Worksheet!$C$2:$D$3503,2,0) -> DASAR ELEKTRONIKA | H23: =IF(B23=G23,1,0) -> 1 | I23: =VLOOKUP(A23,[2]Sheet1!$C$5:$E$185,3,0) -> 3
A24: =VLOOKUP(B24,[2]Sheet1!$D$5:$L$185,9,0) -> ES1108 | B24: DASAR TEKNOLOGI INFORMASI | C24: A | D24: 35 | E24: =VLOOKUP(D24,[3]Sheet2!$A$6:$F$43,4,0) -> 0010038303 | F24: =VLOOKUP(D24,[3]Sheet2!$A$6:$F$43,6,0) -> L. A. Syamsul Irfan Akbar, ST., M.Eng. | G24: =VLOOKUP(A24,Worksheet!$C$2:$D$3503,2,0) -> DASAR TEKNOLOGI INFORMASI | H24: =IF(B24=G24,1,0) -> 1 | I24: =VLOOKUP(A24,[2]Sheet1!$C$5:$E$185,3,0) -> 3
A25: =VLOOKUP(B25,[2]Sheet1!$D$5:$L$185,9,0) -> ES1108 | B25: DASAR TEKNOLOGI INFORMASI | C25: B | D25: 7 | E25: =VLOOKUP(D25,[3]Sheet2!$A$6:$F$43,4,0) -> 0005106805 | F25: =VLOOKUP(D25,[3]Sheet2!$A$6:$F$43,6,0) -> Misbahuddin, ST., MT. | G25: =VLOOKUP(A25,Worksheet!$C$2:$D$3503,2,0) -> DASAR TEKNOLOGI INFORMASI | H25: =IF(B25=G25,1,0) -> 1 | I25: =VLOOKUP(A25,[2]Sheet1!$C$5:$E$185,3,0) -> 3
A26: =VLOOKUP(B26,[2]Sheet1!$D$5:$L$185,9,0) -> ES1108 | B26: DASAR TEKNOLOGI INFORMASI | C26: C | D26: 37 | E26: =VLOOKUP(D26,[3]Sheet2!$A$6:$F$43,4,0) -> 0827038501 | F26: =VLOOKUP(D26,[3]Sheet2!$A$6:$F$43,6,0) -> Suthami Ariessaputra, ST., M.Eng. | G26: =VLOOKUP(A26,Worksheet!$C$2:$D$3503,2,0) -> DASAR TEKNOLOGI INFORMASI | H26: =IF(B26=G26,1,0) -> 1 | I26: =VLOOKUP(A26,[2]Sheet1!$C$5:$E$185,3,0) -> 3
A27: =VLOOKUP(B27,[2]Sheet1!$D$5:$L$185,9,0) -> ES2125 | B27: DASAR TENAGA LISTRIK | C27: A | D27: 2 | E27: =VLOOKUP(D27,[3]Sheet2!$A$6:$F$43,4,0) -> 0007067105 | F27: =VLOOKUP(D27,[3]Sheet2!$A$6:$F$43,6,0) -> Supriyatna, ST., MT. | G27: =VLOOKUP(A27,Worksheet!$C$2:$D$3503,2,0) -> DASAR TENAGA LISTRIK | H27: =IF(B27=G27,1,0) -> 1 | I27: =VLOOKUP(A27,[2]Sheet1!$C$5:$E$185,3,0) -> 3
A28: =VLOOKUP(B28,[2]Sheet1!$D$5:$L$185,9,0) -> ES2125 | B28: DASAR TENAGA LISTRIK | C28: B | D28: 13 | E28: =VLOOKUP(D28,[3]Sheet2!$A$6:$F$43,4,0) -> 0011027105 | F28: =VLOOKUP(D28,[3]Sheet2!$A$6:$F$43,6,0) -> Agung Budi Muljono, ST., MT. | G28: =VLOOKUP(A28,Worksheet!$C$2:$D$3503,2,0) -> DASAR TENAGA LISTRIK | H28: =IF(B28=G28,1,0) -> 1 | I28: =VLOOKUP(A28,[2]Sheet1!$C$5:$E$185,3,0) -> 3
... A86: =VLOOKUP(B86,[2]Sheet1!$D$5:$L$185,9,0) -> EC4012 | B86: TELEMETRI | C86: P | D86: 9 | E86: =VLOOKUP(D86,[3]Sheet2!$A$6:$F$43,4,0) -> 0028106901 | F86: =VLOOKUP(D86,[3]Sheet2!$A$6:$F$43,6,0) -> Cahyo Mustiko O.M., ST., M.Sc., Ph.D. | G86: =VLOOKUP(A86,Worksheet!$C$2:$D$3503,2,0) -> TELEMETRI | H86: =IF(B86=G86,1,0) -> 1 | I86: =VLOOKUP(A86,[2]Sheet1!$C$5:$E$185,3,0) -> 2
A87: EC4111 | B87: TRANSMISI GEL ELEKTROMAGNETIK II | C87: P | D87: 15 | E87: =VLOOKUP(D87,[3]Sheet2!$A$6:$F$43,4,0) -> 0026107201 | F87: =VLOOKUP(D87,[3]Sheet2!$A$6:$F$43,6,0) -> Abdullah Zainuddin, ST., MT. | G87: =VLOOKUP(A87,Worksheet!$C$2:$D$3503,2,0) -> TRANSMISI GEL ELEKTROMAGNETIK II | H87: =IF(B87=G87,1,0) -> 1 | I87: =VLOOKUP(A87,[2]Sheet1!$C$5:$E$185,3,0) -> 2
A88: =VLOOKUP(B88,[2]Sheet1!$D$5:$L$185,9,0) -> EA3104 | B88: TRANSMISI TENAGA LISTRIK | C88: P | D88: 13 | E88: =VLOOKUP(D88,[3]Sheet2!$A$6:$F$43,4,0) -> 0011027105 | F88: =VLOOKUP(D88,[3]Sheet2!$A$6:$F$43,6,0) -> Agung Budi Muljono, ST., MT. | G88: =VLOOKUP(A88,Worksheet!$C$2:$D$3503,2,0) -> TRANSMISI TENAGA LISTRIK | H88: =IF(B88=G88,1,0) -> 1 | I88: =VLOOKUP(A88,[2]Sheet1!$C$5:$E$185,3,0) -> 2
A89: =VLOOKUP(B89,[2]Sheet1!$D$5:$L$185,9,0) -> TPBU04203 | B89: BAHASA INDONESIA | C89: TPB | D89: 6 | E89: =VLOOKUP(D89,[3]Sheet2!$A$6:$F$43,4,0) -> 0026056701 | F89: =VLOOKUP(D89,[3]Sheet2!$A$6:$F$43,6,0) -> Sudi M. Al Sasongko, ST., MT. | G89: =VLOOKUP(A89,Worksheet!$C$2:$D$3503,2,0) -> BAHASA INDONESIA | H89: =IF(B89=G89,1,0) -> 1 | I89: =VLOOKUP(A89,[2]Sheet1!$C$5:$E$185,3,0) -> 2
A90: =VLOOKUP(B90,[2]Sheet1!$D$5:$L$185,9,0) -> TPBU05201 | B90: BAHASA INGGRIS I | C90: TPB | D90: 6 | E90: =VLOOKUP(D90,[3]Sheet2!$A$6:$F$43,4,0) -> 0026056701 | F90: =VLOOKUP(D90,[3]Sheet2!$A$6:$F$43,6,0) -> Sudi M. Al Sasongko, ST., MT. | G90: =VLOOKUP(A90,Worksheet!$C$2:$D$3503,2,0) -> BAHASA INGGRIS I | H90: =IF(B90=G90,1,0) -> 1 | I90: =VLOOKUP(A90,[2]Sheet1!$C$5:$E$185,3,0) -> 2
A91: =VLOOKUP(B91,[2]Sheet1!$D$5:$L$185,9,0) -> TPB104211 | B91: BIOLOGI UMUM | C91: TPB | D91: 6 | E91: =VLOOKUP(D91,[3]Sheet2!$A$6:$F$43,4,0) -> 0026056701 | F91: =VLOOKUP(D91,[3]Sheet2!$A$6:$F$43,6,0) -> Sudi M. Al Sasongko, ST., MT. | G91: =VLOOKUP(A91,Worksheet!$C$2:$D$3503,2,0) -> BIOLOGI UMUM | H91: =IF(B91=G91,1,0) -> 1 | I91: =VLOOKUP(A91,[2]Sheet1!$C$5:$E$185,3,0) -> 3
A92: TPB102211 | B92: FISIKA DASAR | C92: TPB | D92: 6 | E92: =VLOOKUP(D92,[3]Sheet2!$A$6:$F$43,4,0) -> 0026056701 | F92: =VLOOKUP(D92,[3]Sheet2!$A$6:$F$43,6,0) -> Sudi M. Al Sasongko, ST., MT. | G92: =VLOOKUP(A92,Worksheet!$C$2:$D$3503,2,0) -> FISIKA DASAR | H92: =IF(B92=G92,1,0) -> 1 | I92: =VLOOKUP(A92,[2]Sheet1!$C$5:$E$185,3,0) -> 3
A93: TPB103211 | B93: KIMIA DASAR | C93: TPB | D93: 6 | E93: =VLOOKUP(D93,[3]Sheet2!$A$6:$F$43,4,0) -> 0026056701 | F93: =VLOOKUP(D93,[3]Sheet2!$A$6:$F$43,6,0) -> Sudi M. Al Sasongko, ST., MT. | G93: =VLOOKUP(A93,Worksheet!$C$2:$D$3503,2,0) -> KIMIA DASAR | H93: =IF(B93=G93,1,0) -> 1 | I93: =VLOOKUP(A93,[2]Sheet1!$C$5:$E$185,3,0) -> 3
A94: TPB101301 | B94: MATEMATIKA DASAR | C94: TPB | D94: 6 | E94: =VLOOKUP(D94,[3]Sheet2!$A$6:$F$43,4,0) -> 0026056701 | F94: =VLOOKUP(D94,[3]Sheet2!$A$6:$F$43,6,0) -> Sudi M. Al Sasongko, ST., MT. | G94: =VLOOKUP(A94,Worksheet!$C$2:$D$3503,2,0) -> MATEMATIKA DASAR | H94: =IF(B94=G94,1,0) -> 1 | I94: =VLOOKUP(A94,[2]Sheet1!$C$5:$E$185,3,0) -> 3
A95: =VLOOKUP(B95,[2]Sheet1!$D$5:$L$185,9,0) -> TPBU02203 | B95: PANCASILA | C95: TPB | D95: 6 | E95: =VLOOKUP(D95,[3]Sheet2!$A$6:$F$43,4,0) -> 0026056701 | F95: =VLOOKUP(D95,[3]Sheet2!$A$6:$F$43,6,0) -> Sudi M. Al Sasongko, ST., MT. | G95: =VLOOKUP(A95,Worksheet!$C$2:$D$3503,2,0) -> PANCASILA | H95: =IF(B95=G95,1,0) -> 1 | I95: =VLOOKUP(A95,[2]Sheet1!$C$5:$E$185,3,0) -> 2
A96: =VLOOKUP(B96,[2]Sheet1!$D$5:$L$185,9,0) -> TPBU01203 | B96: PENDIDIKAN AGAMA | C96: TPB | D96: 6 | E96: =VLOOKUP(D96,[3]Sheet2!$A$6:$F$43,4,0) -> 0026056701 | F96: =VLOOKUP(D96,[3]Sheet2!$A$6:$F$43,6,0) -> Sudi M. Al Sasongko, ST., MT. | G96: =VLOOKUP(A96,Worksheet!$C$2:$D$3503,2,0) -> PENDIDIKAN AGAMA | H96: =IF(B96=G96,1,0) -> 1 | I96: =VLOOKUP(A96,[2]Sheet1!$C$5:$E$185,3,0) -> 2

Sheet MK Nilai T
J1: sks
A2: F1B010029 | B2: ATNI MARDIANA | C2: ES4248 | D2: TUGAS AKHIR | E2: 20171 | F2: P | G2: T | H2: F1B010029 | I2: ATNI MARDIANA | J2: 4
A3: F1B010078 | B3: HENDRA TRISNAYADI | C3: ES4248 | D3: TUGAS AKHIR | E3: 20171 | F3: P | G3: T | H3: F1B010078 | I3: HENDRA TRISNAYADI | J3: 4
A4: F1B011001 | B4: Achmad Kharis P | C4: ES4143 | D4: PRAKTEK KERJA LAPANGAN | E4: 20171 | F4: P | G4: T | H4: F1B011001 | I4: Achmad Kharis P | J4: 2
A5: F1B011006 | B5: Ahmad Tarmizi Tahir | C5: ES4248 | D5: TUGAS AKHIR | E5: 20171 | F5: P | G5: T | H5: F1B011006 | I5: Ahmad Tarmizi Tahir | J5: 4
A6: F1B011012 | B6: Ari Rahmi Hermawati | C6: ES4248 | D6: TUGAS AKHIR | E6: 20171 | F6: P | G6: T | H6: F1B011012 | I6: Ari Rahmi Hermawati | J6: 4
A7: F1B011013 | B7: Ariel Firmansyah | C7: ES4248 | D7: TUGAS AKHIR | E7: 20171 | F7: P | G7: T | H7: F1B011013 | I7: Ariel Firmansyah | J7: 4
A8: F1B011017 | B8: Darmawan | C8: ES4248 | D8: TUGAS AKHIR | E8: 20171 | F8: P | G8: T | H8: F1B011017 | I8: Darmawan | J8: 4
A9: F1B011027 | B9: Frans Jordan K W | C9: ES4248 | D9: TUGAS AKHIR | E9: 20171 | F9: P | G9: T | H9: F1B011027 | I9: Frans Jordan K W | J9: 4
A10: F1B011032 | B10: Heri Hidayat | C10: ES4248 | D10: TUGAS AKHIR | E10: 20171 | F10: P | G10: T | H10: F1B011032 | I10: Heri Hidayat | J10: 4
A11: F1B011035 | B11: I Gede Subagia Artha | C11: ES4248 | D11: TUGAS AKHIR | E11: 20171 | F11: P | G11: T | H11: F1B011035 | I11: I Gede Subagia Artha | J11: 4
A12: F1B011041 | B12: I Wayan Arya Putra K | C12: ES4248 | D12: TUGAS AKHIR | E12: 20171 | F12: P | G12: T | H12: F1B011041 | I12: I Wayan Arya Putra K | J12: 4
A13: F1B011042 | B13: I Wayan Suaryana Putra | C13: ES4248 | D13: TUGAS AKHIR | E13: 20171 | F13: P | G13: T | H13: F1B011042 | I13: I Wayan Suaryana Putra | J13: 4
... A155: F1B014078 | B155: NUR SUHARNI | C155: ES4144 | D155: PRA TUGAS AKHIR | E155: 20171 | F155: C | G155: T | H155: F1B212084 | I155: Rizal Satria Aryadi | J155: 4
A156: F1B014079 | B156: RADEN FADLAN EFENDI | C156: ES4144 | D156: PRA TUGAS AKHIR | E156: 20171 | F156: C | G156: T
A157: F1B014082 | B157: RENDRA DIN WANTO | C157: ES4245 | D157: KULIAH KERJA NYATA (KKN) | E157: 20171 | F157: P | G157: T
A158: F1B014082 | B158: RENDRA DIN WANTO | C158: ES4144 | D158: PRA TUGAS AKHIR | E158: 20171 | F158: C | G158: T
A159: F1B014084 | B159: RIYAN RIZKIYAWAN | C159: ES4245 | D159: KULIAH KERJA NYATA (KKN) | E159: 20171 | F159: P | G159: T
A160: F1B014085 | B160: RIZAL ERMIAZIS K | C160: ES4245 | D160: KULIAH KERJA NYATA (KKN) | E160: 20171 | F160: P | G160: T
A161: F1B014091 | B161: SAHRUL | C161: ES4245 | D161: KULIAH KERJA NYATA (KKN) | E161: 20171 | F161: P | G161: T
A162: F1B014095 | B162: SUDIRMAN ALFIAN | C162: ES4143 | D162: PRAKTEK KERJA LAPANGAN | E162: 20171 | F162: P | G162: T
A163: F1B014096 | B163: SUHAILI | C163: ES4144 | D163: PRA TUGAS AKHIR | E163: 20171 | F163: C | G163: T
A164: F1B014097 | B164: SUMAHAR | C164: ES4144 | D164: PRA TUGAS AKHIR | E164: 20171 | F164: C | G164: T
A165: F1B014098 | B165: SURAHMIN | C165: ES4245 | D165: KULIAH KERJA NYATA (KKN) | E165: 20171 | F165: P | G165: T
A166: F1B014099 | B166: SYARIF HIDAYATURRAHMAN | C166: ES4245 | D166: KULIAH KERJA NYATA (KKN) | E166: 20171 | F166: P | G166: T
A167: F1B014099 | B167: SYARIF HIDAYATURRAHMAN | C167: ES4143 | D167: PRAKTEK KERJA LAPANGAN | E167: 20171 | F167: P | G167: T
... A178: F1B212040 | B178: I Made Puja Artana | C178: ES4248 | D178: TUGAS AKHIR | E178: 20171 | F178: P | G178: T
A179: F1B212053 | B179: Lia Puspitawati | C179: ES4248 | D179: TUGAS AKHIR | E179: 20171 | F179: P | G179: T | J179: 2
A180: F1B212066 | B180: Muhammad Nauval | C180: ES4248 | D180: TUGAS AKHIR | E180: 20171 | F180: P | G180: T
A181: F1B212084 | B181: Rizal Satria Aryadi | C181: ES4248 | D181: TUGAS AKHIR | E181: 20171 | F181: P | G181: T
