Workbook

Sheet Worksheet
A1: NIM | B1: Nama Mahasiswa | C1: Kode MK | D1: Mata Kuliah | E1: Semester | F1: Kelas | G1: Nilai Huruf | H1: Nilai Indeks | I1: Nilai Angka | J1: Kode Prodi
A2: F1B113013 | B2: I NENGAH AGUS YOGI A | C2: ES1215 | D2: ALGORITMA DAN PEMROGRAMAN | E2: 20171 | F2: S | G2: B | H2: 3 | I2: 0 | J2: 20201 | K2: =COUNTIF('rEKAP kls MK'!$A$2:$A$35,Worksheet!C2) -> 1 | L2: =IF(A1<>A2,A2,"") -> F1B113013 | M2: =IF(B1<>B2,B2,"") -> I NENGAH AGUS YOGI A | O2: =IF(D1<>D2,D2,"") -> ALGORITMA DAN PEMROGRAMAN | P2: =IF(F1<>F2,F2,"") -> S
A3: F1B113015 | B3: IMAM RAHMATULLAH S | C3: ES1215 | D3: ALGORITMA DAN PEMROGRAMAN | E3: 20171 | F3: S | G3: C+ | H3: 2.5 | I3: 0 | J3: 20201 | K3: =COUNTIF('rEKAP kls MK'!$A$2:$A$35,Worksheet!C3) -> 1 | L3: =IF(A2<>A3,A3,"") -> F1B113015 | M3: =IF(B2<>B3,B3,"") -> IMAM RAHMATULLAH S | O3: =IF(D2<>D3,D3,"") | P3: =IF(F2<>F3,F3,"")
A4: F1B113016 | B4: JUZI SYUKRAN | C4: ES1215 | D4: ALGORITMA DAN PEMROGRAMAN | E4: 20171 | F4: S | G4: B | H4: 3 | I4: 0 | J4: 20201 | K4: =COUNTIF('rEKAP kls MK'!$A$2:$A$35,Worksheet!C4) -> 1 | L4: =IF(A3<>A4,A4,"") -> F1B113016 | M4: =IF(B3<>B4,B4,"") -> JUZI SYUKRAN | O4: =IF(D3<>D4,D4,"") | P4: =IF(F3<>F4,F4,"")
A5: F1B113021 | B5: LALU MUHAMMAD IBNU N | C5: ES1215 | D5: ALGORITMA DAN PEMROGRAMAN | E5: 20171 | F5: S | G5: A | H5: 4 | I5: 0 | J5: 20201 | K5: =COUNTIF('rEKAP kls MK'!$A$2:$A$35,Worksheet!C5) -> 1 | L5: =IF(A4<>A5,A5,"") -> F1B113021 | M5: =IF(B4<>B5,B5,"") -> LALU MUHAMMAD IBNU N | O5: =IF(D4<>D5,D5,"") | P5: =IF(F4<>F5,F5,"")
A6: F1B113022 | B6: LAZARUS CHRISTIAN P | C6: ES1215 | D6: ALGORITMA DAN PEMROGRAMAN | E6: 20171 | F6: S | G6: B | H6: 3 | I6: 0 | J6: 20201 | K6: =COUNTIF('rEKAP kls MK'!$A$2:$A$35,Worksheet!C6) -> 1 | L6: =IF(A5<>A6,A6,"") -> F1B113022 | M6: =IF(B5<>B6,B6,"") -> LAZARUS CHRISTIAN P | O6: =IF(D5<>D6,D6,"") | P6: =IF(F5<>F6,F6,"")
A7: F1B113026 | B7: MUHAMAD ARDI RAHMAN | C7: ES1215 | D7: ALGORITMA DAN PEMROGRAMAN | E7: 20171 | F7: S | G7: A | H7: 4 | I7: 0 | J7: 20201 | K7: =COUNTIF('rEKAP kls MK'!$A$2:$A$35,Worksheet!C7) -> 1 | L7: =IF(A6<>A7,A7,"") -> F1B113026 | M7: =IF(B6<>B7,B7,"") -> MUHAMAD ARDI RAHMAN | O7: =IF(D6<>D7,D7,"") | P7: =IF(F6<>F7,F7,"")
A8: F1B113029 | B8: RANGGA FAJAR MAULANA | C8: ES1215 | D8: ALGORITMA DAN PEMROGRAMAN | E8: 20171 | F8: S | G8: B+ | H8: 3.5 | I8: 0 | J8: 20201 | K8: =COUNTIF('rEKAP kls MK'!$A$2:$A$35,Worksheet!C8) -> 1 | L8: =IF(A7<>A8,A8,"") -> F1B113029 | M8: =IF(B7<>B8,B8,"") -> RANGGA FAJAR MAULANA | O8: =IF(D7<>D8,D8,"") | P8: =IF(F7<>F8,F8,"")
A9: F1B113030 | B9: RIZAL ADI SAPUTRA | C9: ES1215 | D9: ALGORITMA DAN PEMROGRAMAN | E9: 20171 | F9: S | G9: A | H9: 4 | I9: 0 | J9: 20201 | K9: =COUNTIF('rEKAP kls MK'!$A$2:$A$35,Worksheet!C9) -> 1 | L9: =IF(A8<>A9,A9,"") -> F1B113030 | M9: =IF(B8<>B9,B9,"") -> RIZAL ADI SAPUTRA | O9: =IF(D8<>D9,D9,"") | P9: =IF(F8<>F9,F9,"")
A10: F1B113032 | B10: SAMSUL AZWARI | C10: ES1215 | D10: ALGORITMA DAN PEMROGRAMAN | E10: 20171 | F10: S | G10: B+ | H10: 3.5 | I10: 0 | J10: 20201 | K10: =COUNTIF('rEKAP kls MK'!$A$2:$A$35,Worksheet!C10) -> 1 | L10: =IF(A9<>A10,A10,"") -> F1B113032 | M10: =IF(B9<>B10,B10,"") -> SAMSUL AZWARI | O10: =IF(D9<>D10,D10,"") | P10: =IF(F9<>F10,F10,"")
A11: F1B113033 | B11: SERLY MARLINA | C11: ES1215 | D11: ALGORITMA DAN PEMROGRAMAN | E11: 20171 | F11: S | G11: A | H11: 4 | I11: 0 | J11: 20201 | K11: =COUNTIF('rEKAP kls MK'!$A$2:$A$35,Worksheet!C11) -> 1 | L11: =IF(A10<>A11,A11,"") -> F1B113033 | M11: =IF(B10<>B11,B11,"") -> SERLY MARLINA | O11: =IF(D10<>D11,D11,"") | P11: =IF(F10<>F11,F11,"")
A12: F1B113034 | B12: SHIR AJIE ASMORO | C12: ES1215 | D12: ALGORITMA DAN PEMROGRAMAN | E12: 20171 | F12: S | G12: B | H12: 3 | I12: 0 | J12: 20201 | K12: =COUNTIF('rEKAP kls MK'!$A$2:$A$35,Worksheet!C12) -> 1 | L12: =IF(A11<>A12,A12,"") -> F1B113034 | M12: =IF(B11<>B12,B12,"") -> SHIR AJIE ASMORO | O12: =IF(D11<>D12,D12,"") | P12: =IF(F11<>F12,F12,"")
A13: F1B114001 | B13: ADI PURNA | C13: ES1215 | D13: ALGORITMA DAN PEMROGRAMAN | E13: 20171 | F13: S | G13: B | H13: 3 | I13: 0 | J13: 20201 | K13: =COUNTIF('rEKAP kls MK'!$A$2:$A$35,Worksheet!C13) -> 1 | L13: =IF(A12<>A13,A13,"") -> F1B114001 | M13: =IF(B12<>B13,B13,"") -> ADI PURNA | O13: =IF(D12<>D13,D13,"") | P13: =IF(F12<>F13,F13,"")
... A27: F1B116016 | B27: LALU MOHAMAD FAESAL RAHMAN | C27: ES1215 | D27: ALGORITMA DAN PEMROGRAMAN | E27: 20171 | F27: S | G27: D+ | H27: 1.5 | I27: 0 | J27: 20201 | K27: =COUNTIF('rEKAP kls MK'!$A$2:$A$35,Worksheet!C27) -> 1 | L27: =IF(A26<>A27,A27,"") -> F1B116016 | M27: =IF(B26<>B27,B27,"") -> LALU MOHAMAD FAESAL RAHMAN | O27: =IF(D26<>D27,D27,"") | P27: =IF(F26<>F27,F27,"")
A28: F1B116017 | B28: MAULANA ADI PRASETIO | C28: ES1215 | D28: ALGORITMA DAN PEMROGRAMAN | E28: 20171 | F28: S | G28: C | H28: 2 | I28: 0 | J28: 20201 | K28: =COUNTIF('rEKAP kls MK'!$A$2:$A$35,Worksheet!C28) -> 1
A29: F1B116020 | B29: Muhammad Zarrin Al Mansyury | C29: ES1215 | D29: ALGORITMA DAN PEMROGRAMAN | E29: 20171 | F29: S | G29: C+ | H29: 2.5 | I29: 0 | J29: 20201 | K29: =COUNTIF('rEKAP kls MK'!$A$2:$A$35,Worksheet!C29) -> 1 | L29: =IF(A28<>A29,A29,"") -> F1B116020 | M29: =IF(B28<>B29,B29,"") -> Muhammad Zarrin Al Mansyury | O29: =IF(D28<>D29,D29,"") | P29: =IF(F28<>F29,F29,"")
A30: F1B116021 | B30: NELIN AYU NIRWANA | C30: ES1215 | D30: ALGORITMA DAN PEMROGRAMAN | E30: 20171 | F30: S | G30: D | H30: 1 | I30: 0 | J30: 20201 | K30: =COUNTIF('rEKAP kls MK'!$A$2:$A$35,Worksheet!C30) -> 1 | L30: =IF(A29<>A30,A30,"") -> F1B116021 | M30: =IF(B29<>B30,B30,"") -> NELIN AYU NIRWANA | O30: =IF(D29<>D30,D30,"") | P30: =IF(F29<>F30,F30,"")
A31: F1B116022 | B31: NOVA HENDRI KURNIAWAN | C31: ES1215 | D31: ALGORITMA DAN PEMROGRAMAN | E31: 20171 | F31: S | G31: A | H31: 4 | I31: 0 | J31: 20201 | K31: =COUNTIF('rEKAP kls MK'!$A$2:$A$35,Worksheet!C31) -> 1 | L31: =IF(A30<>A31,A31,"") -> F1B116022 | M31: =IF(B30<>B31,B31,"") -> NOVA HENDRI KURNIAWAN | O31: =IF(D30<>D31,D31,"") | P31: =IF(F30<>F31,F31,"")
A32: F1B116024 | B32: RENA RAMDINAWATI | C32: ES1215 | D32: ALGORITMA DAN PEMROGRAMAN | E32: 20171 | F32: S | G32: C | H32: 2 | I32: 0 | J32: 20201 | K32: =COUNTIF('rEKAP kls MK'!$A$2:$A$35,Worksheet!C32) -> 1 | L32: =IF(A31<>A32,A32,"") -> F1B116024 | M32: =IF(B31<>B32,B32,"") -> RENA RAMDINAWATI | O32: =IF(D31<>D32,D32,"") | P32: =IF(F31<>F32,F32,"")
A33: F1B116025 | B33: RISMAN ALFIAN LUTHFI | C33: ES1215 | D33: ALGORITMA DAN PEMROGRAMAN | E33: 20171 | F33: S | G33: B | H33: 3 | I33: 0 | J33: 20201 | K33: =COUNTIF('rEKAP kls MK'!$A$2:$A$35,Worksheet!C33) -> 1 | L33: =IF(A32<>A33,A33,"") -> F1B116025 | M33: =IF(B32<>B33,B33,"") -> RISMAN ALFIAN LUTHFI | O33: =IF(D32<>D33,D33,"") | P33: =IF(F32<>F33,F33,"")
A34: F1B116027 | B34: ROYHAN ADEKA SAPUTRA | C34: ES1215 | D34: ALGORITMA DAN PEMROGRAMAN | E34: 20171 | F34: S | G34: C | H34: 2 | I34: 0 | J34: 20201 | K34: =COUNTIF('rEKAP kls MK'!$A$2:$A$35,Worksheet!C34) -> 1 | L34: =IF(A33<>A34,A34,"") -> F1B116027 | M34: =IF(B33<>B34,B34,"") -> ROYHAN ADEKA SAPUTRA | O34: =IF(D33<>D34,D34,"") | P34: =IF(F33<>F34,F34,"")
A35: F1B116029 | B35: TAUFIK ZUBAIDILLAH | C35: ES1215 | D35: ALGORITMA DAN PEMROGRAMAN | E35: 20171 | F35: S | G35: C+ | H35: 2.5 | I35: 0 | J35: 20201 | K35: =COUNTIF('rEKAP kls MK'!$A$2:$A$35,Worksheet!C35) -> 1 | L35: =IF(A34<>A35,A35,"") -> F1B116029 | M35: =IF(B34<>B35,B35,"") -> TAUFIK ZUBAIDILLAH | O35: =IF(D34<>D35,D35,"") | P35: =IF(F34<>F35,F35,"")
A36: F1B116030 | B36: Yanuardi | C36: ES1215 | D36: ALGORITMA DAN PEMROGRAMAN | E36: 20171 | F36: S | G36: C | H36: 2 | I36: 0 | J36: 20201 | K36: =COUNTIF('rEKAP kls MK'!$A$2:$A$35,Worksheet!C36) -> 1 | L36: =IF(A35<>A36,A36,"") -> F1B116030 | M36: =IF(B35<>B36,B36,"") -> Yanuardi | O36: =IF(D35<>D36,D36,"") | P36: =IF(F35<>F36,F36,"")
A37: F1B116032 | B37: Yuma | C37: ES1215 | D37: ALGORITMA DAN PEMROGRAMAN | E37: 20171 | F37: S | G37: B | H37: 3 | I37: 0 | J37: 20201 | K37: =COUNTIF('rEKAP kls MK'!$A$2:$A$35,Worksheet!C37) -> 1 | L37: =IF(A36<>A37,A37,"") -> F1B116032 | M37: =IF(B36<>B37,B37,"") -> Yuma | O37: =IF(D36<>D37,D37,"") | P37: =IF(F36<>F37,F37,"")
A38: F1B116033 | B38: Yusril Bagas Sevyanto | C38: ES1215 | D38: ALGORITMA DAN PEMROGRAMAN | E38: 20171 | F38: S | G38: B | H38: 3 | I38: 0 | J38: 20201 | K38: =COUNTIF('rEKAP kls MK'!$A$2:$A$35,Worksheet!C38) -> 1 | L38: =IF(A37<>A38,A38,"") -> F1B116033 | M38: =IF(B37<>B38,B38,"") -> Yusril Bagas Sevyanto | O38: =IF(D37<>D38,D38,"") | P38: =IF(F37<>F38,F38,"")
A39: F1B116034 | B39: YUSRON ALIF SETIAWAN | C39: ES1215 | D39: ALGORITMA DAN PEMROGRAMAN | E39: 20171 | F39: S | G39: C | H39: 2 | I39: 0 | J39: 20201 | K39: =COUNTIF('rEKAP kls MK'!$A$2:$A$35,Worksheet!C39) -> 1 | L39: =IF(A38<>A39,A39,"") -> F1B116034 | M39: =IF(B38<>B39,B39,"") -> YUSRON ALIF SETIAWAN | O39: =IF(D38<>D39,D39,"") | P39: =IF(F38<>F39,F39,"")
A40: F1B115002 | B40: AGUS SUPRIADI | C40: EA3101 | D40: ANALISA SISTEM TENAGA I | E40: 20171 | F40: S | G40: C | H40: 2 | I40: 0 | J40: 20201 | K40: =COUNTIF('rEKAP kls MK'!$A$2:$A$35,Worksheet!C40) -> 1 | L40: =IF(A39<>A40,A40,"") -> F1B115002 | M40: =IF(B39<>B40,B40,"") -> AGUS SUPRIADI | O40: =IF(D39<>D40,D40,"") -> ANALISA SISTEM TENAGA I | P40: =IF(F39<>F40,F40,"")
... A89: F1B117037 | B89: TEJAMAN MULKI | C89: TPBU04203 | D89: BAHASA INDONESIA | E89: 20171 | F89: TPB | G89: B+ | H89: 3.5 | I89: 0 | J89: 20201 | K89: =COUNTIF('rEKAP kls MK'!$A$2:$A$35,Worksheet!C89) -> 0 | L89: =IF(A88<>A89,A89,"") -> F1B117037 | M89: =IF(B88<>B89,B89,"") -> TEJAMAN MULKI | O89: =IF(D88<>D89,D89,"") | P89: =IF(F88<>F89,F89,"")
A90: F1B117038 | B90: VENI ASTUTI | C90: TPBU04203 | D90: BAHASA INDONESIA | E90: 20171 | F90: TPB | G90: B | H90: 3 | I90: 0 | J90: 20201 | K90: =COUNTIF('rEKAP kls MK'!$A$2:$A$35,Worksheet!C90) -> 0
A91: F1B117039 | B91: WAHYU SIOPANO | C91: TPBU04203 | D91: BAHASA INDONESIA | E91: 20171 | F91: TPB | G91: B | H91: 3 | I91: 0 | J91: 20201 | K91: =COUNTIF('rEKAP kls MK'!$A$2:$A$35,Worksheet!C91) -> 0 | L91: =IF(A90<>A91,A91,"") -> F1B117039 | M91: =IF(B90<>B91,B91,"") -> WAHYU SIOPANO | O91: =IF(D90<>D91,D91,"") | P91: =IF(F90<>F91,F91,"")
A92: F1B117040 | B92: WILLY HISBULLOH FAUZY FIRDAUS | C92: TPBU04203 | D92: BAHASA INDONESIA | E92: 20171 | F92: TPB | G92: B+ | H92: 3.5 | I92: 0 | J92: 20201 | K92: =COUNTIF('rEKAP kls MK'!$A$2:$A$35,Worksheet!C92) -> 0 | L92: =IF(A91<>A92,A92,"") -> F1B117040 | M92: =IF(B91<>B92,B92,"") -> WILLY HISBULLOH FAUZY FIRDAUS | O92: =IF(D91<>D92,D92,"") | P92: =IF(F91<>F92,F92,"")
A93: F1B117041 | B93: WILLY PRADIYANTO | C93: TPBU04203 | D93: BAHASA INDONESIA | E93: 20171 | F93: TPB | G93: B+ | H93: 3.5 | I93: 0 | J93: 20201 | K93: =COUNTIF('rEKAP kls MK'!$A$2:$A$35,Worksheet!C93) -> 0 | L93: =IF(A92<>A93,A93,"") -> F1B117041 | M93: =IF(B92<>B93,B93,"") -> WILLY PRADIYANTO | O93: =IF(D92<>D93,D93,"") | P93: =IF(F92<>F93,F93,"")
A94: F1B111041 | B94: M. Ahsanul Khaliq | C94: TPBU05201 | D94: BAHASA INGGRIS I | E94: 20171 | F94: TPB | G94: B+ | H94: 3.5 | I94: 0 | J94: 20201 | K94: =COUNTIF('rEKAP kls MK'!$A$2:$A$35,Worksheet!C94) -> 0 | L94: =IF(A93<>A94,A94,"") -> F1B111041 | M94: =IF(B93<>B94,B94,"") -> M. Ahsanul Khaliq | O94: =IF(D93<>D94,D94,"") -> BAHASA INGGRIS I | P94: =IF(F93<>F94,F94,"")
A95: F1B111047 | B95: M. Sofyan Hakim | C95: TPBU05201 | D95: BAHASA INGGRIS I | E95: 20171 | F95: TPB | G95: B+ | H95: 3.5 | I95: 0 | J95: 20201 | K95: =COUNTIF('rEKAP kls MK'!$A$2:$A$35,Worksheet!C95) -> 0 | L95: =IF(A94<>A95,A95,"") -> F1B111047 | M95: =IF(B94<>B95,B95,"") -> M. Sofyan Hakim | O95: =IF(D94<>D95,D95,"") | P95: =IF(F94<>F95,F95,"")
A96: F1B111075 | B96: Sahbudin | C96: TPBU05201 | D96: BAHASA INGGRIS I | E96: 20171 | F96: TPB | G96: K | H96: 0 | I96: 0 | J96: 20201 | K96: =COUNTIF('rEKAP kls MK'!$A$2:$A$35,Worksheet!C96) -> 0 | L96: =IF(A95<>A96,A96,"") -> F1B111075 | M96: =IF(B95<>B96,B96,"") -> Sahbudin | O96: =IF(D95<>D96,D96,"") | P96: =IF(F95<>F96,F96,"")
A97: F1B112003 | B97: Aditya Kadarusman | C97: TPBU05201 | D97: BAHASA INGGRIS I | E97: 20171 | F97: TPB | G97: K | H97: 0 | I97: 0 | J97: 20201 | K97: =COUNTIF('rEKAP kls MK'!$A$2:$A$35,Worksheet!C97) -> 0 | L97: =IF(A96<>A97,A97,"") -> F1B112003 | M97: =IF(B96<>B97,B97,"") -> Aditya Kadarusman | O97: =IF(D96<>D97,D97,"") | P97: =IF(F96<>F97,F97,"")
A98: F1B113031 | B98: SADIQ RAMADHOAN | C98: TPBU05201 | D98: BAHASA INGGRIS I | E98: 20171 | F98: TPB | G98: K | H98: 0 | I98: 0 | J98: 20201 | K98: =COUNTIF('rEKAP kls MK'!$A$2:$A$35,Worksheet!C98) -> 0 | L98: =IF(A97<>A98,A98,"") -> F1B113031 | M98: =IF(B97<>B98,B98,"") -> SADIQ RAMADHOAN | O98: =IF(D97<>D98,D98,"") | P98: =IF(F97<>F98,F98,"")
A99: F1B114020 | B99: IMRAN | C99: TPBU05201 | D99: BAHASA INGGRIS I | E99: 20171 | F99: TPB | G99: B | H99: 3 | I99: 0 | J99: 20201 | K99: =COUNTIF('rEKAP kls MK'!$A$2:$A$35,Worksheet!C99) -> 0 | L99: =IF(A98<>A99,A99,"") -> F1B114020 | M99: =IF(B98<>B99,B99,"") -> IMRAN | O99: =IF(D98<>D99,D99,"") | P99: =IF(F98<>F99,F99,"")
A100: F1B115030 | B100: MUHAMMAD FIQRIL | C100: TPBU05201 | D100: BAHASA INGGRIS I | E100: 20171 | F100: TPB | G100: K | H100: 0 | I100: 0 | J100: 20201 | K100: =COUNTIF('rEKAP kls MK'!$A$2:$A$35,Worksheet!C100) -> 0 | L100: =IF(A99<>A100,A100,"") -> F1B115030 | M100: =IF(B99<>B100,B100,"") -> MUHAMMAD FIQRIL | O100: =IF(D99<>D100,D100,"") | P100: =IF(F99<>F100,F100,"")
A101: F1B117001 | B101: ABI LASKAR | C101: TPBU05201 | D101: BAHASA INGGRIS I | E101: 20171 | F101: TPB | G101: A | H101: 4 | I101: 0 | J101: 20201 | K101: =COUNTIF('rEKAP kls MK'!$A$2:$A$35,Worksheet!C101) -> 0 | L101: =IF(A100<>A101,A101,"") -> F1B117001 | M101: =IF(B100<>B101,B101,"") -> ABI LASKAR | O101: =IF(D100<>D101,D101,"") | P101: =IF(F100<>F101,F101,"")
A102: F1B117002 | B102: ADE PUTRA CAHYADI | C102: TPBU05201 | D102: BAHASA INGGRIS I | E102: 20171 | F102: TPB | G102: B | H102: 3 | I102: 0 | J102: 20201 | K102: =COUNTIF('rEKAP kls MK'!$A$2:$A$35,Worksheet!C102) -> 0 | L102: =IF(A101<>A102,A102,"") -> F1B117002 | M102: =IF(B101<>B102,B102,"") -> ADE PUTRA CAHYADI | O102: =IF(D101<>D102,D102,"") | P102: =IF(F101<>F102,F102,"")
... A131: F1B117031 | B131: RAHMAT ADITYA PRADANA | C131: TPBU05201 | D131: BAHASA INGGRIS I | E131: 20171 | F131: TPB | G131: B | H131: 3 | I131: 0 | J131: 20201 | K131: =COUNTIF('rEKAP kls MK'!$A$2:$A$35,Worksheet!C131) -> 0 | L131: =IF(A130<>A131,A131,"") -> F1B117031 | M131: =IF(B130<>B131,B131,"") -> RAHMAT ADITYA PRADANA | O131: =IF(D130<>D131,D131,"") | P131: =IF(F130<>F131,F131,"")
A132: F1B117032 | B132: RAMZY TAUFIQ HANIF | C132: TPBU05201 | D132: BAHASA INGGRIS I | E132: 20171 | F132: TPB | G132: B | H132: 3 | I132: 0 | J132: 20201 | K132: =COUNTIF('rEKAP kls MK'!$A$2:$A$35,Worksheet!C132) -> 0
A133: F1B117033 | B133: RIAN HENDRAWAN | C133: TPBU05201 | D133: BAHASA INGGRIS I | E133: 20171 | F133: TPB | G133: B | H133: 3 | I133: 0 | J133: 20201 | K133: =COUNTIF('rEKAP kls MK'!$A$2:$A$35,Worksheet!C133) -> 0 | L133: =IF(A132<>A133,A133,"") -> F1B117033 | M133: =IF(B132<>B133,B133,"") -> RIAN HENDRAWAN | O133: =IF(D132<>D133,D133,"") | P133: =IF(F132<>F133,F133,"")
A134: F1B117034 | B134: RISKI KHARISMA PUTRA | C134: TPBU05201 | D134: BAHASA INGGRIS I | E134: 20171 | F134: TPB | G134: B | H134: 3 | I134: 0 | J134: 20201 | K134: =COUNTIF('rEKAP kls MK'!$A$2:$A$35,Worksheet!C134) -> 0 | L134: =IF(A133<>A134,A134,"") -> F1B117034 | M134: =IF(B133<>B134,B134,"") -> RISKI KHARISMA PUTRA | O134: =IF(D133<>D134,D134,"") | P134: =IF(F133<>F134,F134,"")
A135: F1B117035 | B135: RIZALUL HAQ | C135: TPBU05201 | D135: BAHASA INGGRIS I | E135: 20171 | F135: TPB | G135: C+ | H135: 2.5 | I135: 0 | J135: 20201 | K135: =COUNTIF('rEKAP kls MK'!$A$2:$A$35,Worksheet!C135) -> 0 | L135: =IF(A134<>A135,A135,"") -> F1B117035 | M135: =IF(B134<>B135,B135,"") -> RIZALUL HAQ | O135: =IF(D134<>D135,D135,"") | P135: =IF(F134<>F135,F135,"")
A136: F1B117036 | B136: RIZKA MARDANI | C136: TPBU05201 | D136: BAHASA INGGRIS I | E136: 20171 | F136: TPB | G136: B | H136: 3 | I136: 0 | J136: 20201 | K136: =COUNTIF('rEKAP kls MK'!$A$2:$A$35,Worksheet!C136) -> 0 | L136: =IF(A135<>A136,A136,"") -> F1B117036 | M136: =IF(B135<>B136,B136,"") -> RIZKA MARDANI | O136: =IF(D135<>D136,D136,"") | P136: =IF(F135<>F136,F136,"")
A137: F1B117037 | B137: TEJAMAN MULKI | C137: TPBU05201 | D137: BAHASA INGGRIS I | E137: 20171 | F137: TPB | G137: C | H137: 2 | I137: 0 | J137: 20201 | K137: =COUNTIF('rEKAP kls MK'!$A$2:$A$35,Worksheet!C137) -> 0 | L137: =IF(A136<>A137,A137,"") -> F1B117037 | M137: =IF(B136<>B137,B137,"") -> TEJAMAN MULKI | O137: =IF(D136<>D137,D137,"") | P137: =IF(F136<>F137,F137,"")
A138: F1B117038 | B138: VENI ASTUTI | C138: TPBU05201 | D138: BAHASA INGGRIS I | E138: 20171 | F138: TPB | G138: C | H138: 2 | I138: 0 | J138: 20201 | K138: =COUNTIF('rEKAP kls MK'!$A$2:$A$35,Worksheet!C138) -> 0 | L138: =IF(A137<>A138,A138,"") -> F1B117038 | M138: =IF(B137<>B138,B138,"") -> VENI ASTUTI | O138: =IF(D137<>D138,D138,"") | P138: =IF(F137<>F138,F138,"")
A139: F1B117039 | B139: WAHYU SIOPANO | C139: TPBU05201 | D139: BAHASA INGGRIS I | E139: 20171 | F139: TPB | G139: B | H139: 3 | I139: 0 | J139: 20201 | K139: =COUNTIF('rEKAP kls MK'!$A$2:$A$35,Worksheet!C139) -> 0 | L139: =IF(A138<>A139,A139,"") -> F1B117039 | M139: =IF(B138<>B139,B139,"") -> WAHYU SIOPANO | O139: =IF(D138<>D139,D139,"") | P139: =IF(F138<>F139,F139,"")
A140: F1B117040 | B140: WILLY HISBULLOH FAUZY FIRDAUS | C140: TPBU05201 | D140: BAHASA INGGRIS I | E140: 20171 | F140: TPB | G140: B | H140: 3 | I140: 0 | J140: 20201 | K140: =COUNTIF('rEKAP kls MK'!$A$2:$A$35,Worksheet!C140) -> 0 | L140: =IF(A139<>A140,A140,"") -> F1B117040 | M140: =IF(B139<>B140,B140,"") -> WILLY HISBULLOH FAUZY FIRDAUS | O140: =IF(D139<>D140,D140,"") | P140: =IF(F139<>F140,F140,"")
A141: F1B117041 | B141: WILLY PRADIYANTO | C141: TPBU05201 | D141: BAHASA INGGRIS I | E141: 20171 | F141: TPB | G141: A | H141: 4 | I141: 0 | J141: 20201 | K141: =COUNTIF('rEKAP kls MK'!$A$2:$A$35,Worksheet!C141) -> 0 | L141: =IF(A140<>A141,A141,"") -> F1B117041 | M141: =IF(B140<>B141,B141,"") -> WILLY PRADIYANTO | O141: =IF(D140<>D141,D141,"") | P141: =IF(F140<>F141,F141,"")
A142: F1B115004 | B142: ANDZAR QINTHARA | C142: ED3102 | D142: BASIS DATA | E142: 20171 | F142: S | G142: B | H142: 3 | I142: 0 | J142: 20201 | K142: =COUNTIF('rEKAP kls MK'!$A$2:$A$35,Worksheet!C142) -> 1 | L142: =IF(A141<>A142,A142,"") -> F1B115004 | M142: =IF(B141<>B142,B142,"") -> ANDZAR QINTHARA | O142: =IF(D141<>D142,D142,"") -> BASIS DATA | P142: =IF(F141<>F142,F142,"") -> S
A143: F1B115005 | B143: ANWAR SAPI I | C143: ED3102 | D143: BASIS DATA | E143: 20171 | F143: S | G143: C+ | H143: 2.5 | I143: 0 | J143: 20201 | K143: =COUNTIF('rEKAP kls MK'!$A$2:$A$35,Worksheet!C143) -> 1 | L143: =IF(A142<>A143,A143,"") -> F1B115005 | M143: =IF(B142<>B143,B143,"") -> ANWAR SAPI I | O143: =IF(D142<>D143,D143,"") | P143: =IF(F142<>F143,F143,"")
A144: F1B115006 | B144: Bagas Akbar Aznurinto | C144: ED3102 | D144: BASIS DATA | E144: 20171 | F144: S | G144: E | H144: 0 | I144: 0 | J144: 20201 | K144: =COUNTIF('rEKAP kls MK'!$A$2:$A$35,Worksheet!C144) -> 1 | L144: =IF(A143<>A144,A144,"") -> F1B115006 | M144: =IF(B143<>B144,B144,"") -> Bagas Akbar Aznurinto | O144: =IF(D143<>D144,D144,"") | P144: =IF(F143<>F144,F144,"")
... A160: F1B117002 | B160: ADE PUTRA CAHYADI | C160: TPB104211 | D160: BIOLOGI UMUM | E160: 20171 | F160: TPB | G160: B | H160: 3 | I160: 0 | J160: 20201 | K160: =COUNTIF('rEKAP kls MK'!$A$2:$A$35,Worksheet!C160) -> 0 | L160: =IF(A159<>A160,A160,"") -> F1B117002 | M160: =IF(B159<>B160,B160,"") -> ADE PUTRA CAHYADI | O160: =IF(D159<>D160,D160,"") | P160: =IF(F159<>F160,F160,"")
A161: F1B117003 | B161: ADELIA RIZKY FEBRIANTI | C161: TPB104211 | D161: BIOLOGI UMUM | E161: 20171 | F161: TPB | G161: B+ | H161: 3.5 | I161: 0 | J161: 20201 | K161: =COUNTIF('rEKAP kls MK'!$A$2:$A$35,Worksheet!C161) -> 0
A162: F1B117004 | B162: AHMAD RAJABUL AKBAR KHAIRU | C162: TPB104211 | D162: BIOLOGI UMUM | E162: 20171 | F162: TPB | G162: B+ | H162: 3.5 | I162: 0 | J162: 20201 | K162: =COUNTIF('rEKAP kls MK'!$A$2:$A$35,Worksheet!C162) -> 0 | L162: =IF(A161<>A162,A162,"") -> F1B117004 | M162: =IF(B161<>B162,B162,"") -> AHMAD RAJABUL AKBAR KHAIRU | O162: =IF(D161<>D162,D162,"") | P162: =IF(F161<>F162,F162,"")
A163: F1B117005 | B163: AKBAR MAJID | C163: TPB104211 | D163: BIOLOGI UMUM | E163: 20171 | F163: TPB | G163: B+ | H163: 3.5 | I163: 0 | J163: 20201 | K163: =COUNTIF('rEKAP kls MK'!$A$2:$A$35,Worksheet!C163) -> 0 | L163: =IF(A162<>A163,A163,"") -> F1B117005 | M163: =IF(B162<>B163,B163,"") -> AKBAR MAJID | O163: =IF(D162<>D163,D163,"") | P163: =IF(F162<>F163,F163,"")
A164: F1B117006 | B164: ANDI MUHAMAD HANIF | C164: TPB104211 | D164: BIOLOGI UMUM | E164: 20171 | F164: TPB | G164: B | H164: 3 | I164: 0 | J164: 20201 | K164: =COUNTIF('rEKAP kls MK'!$A$2:$A$35,Worksheet!C164) -> 0 | L164: =IF(A163<>A164,A164,"") -> F1B117006 | M164: =IF(B163<>B164,B164,"") -> ANDI MUHAMAD HANIF | O164: =IF(D163<>D164,D164,"") | P164: =IF(F163<>F164,F164,"")
A165: F1B117007 | B165: ANDIKA RAHMAN | C165: TPB104211 | D165: BIOLOGI UMUM | E165: 20171 | F165: TPB | G165: B+ | H165: 3.5 | I165: 0 | J165: 20201 | K165: =COUNTIF('rEKAP kls MK'!$A$2:$A$35,Worksheet!C165) -> 0 | L165: =IF(A164<>A165,A165,"") -> F1B117007 | M165: =IF(B164<>B165,B165,"") -> ANDIKA RAHMAN | O165: =IF(D164<>D165,D165,"") | P165: =IF(F164<>F165,F165,"")
A166: F1B117008 | B166: ANDRE PRATAMA | C166: TPB104211 | D166: BIOLOGI UMUM | E166: 20171 | F166: TPB | G166: B | H166: 3 | I166: 0 | J166: 20201 | K166: =COUNTIF('rEKAP kls MK'!$A$2:$A$35,Worksheet!C166) -> 0 | L166: =IF(A165<>A166,A166,"") -> F1B117008 | M166: =IF(B165<>B166,B166,"") -> ANDRE PRATAMA | O166: =IF(D165<>D166,D166,"") | P166: =IF(F165<>F166,F166,"")
A167: F1B117009 | B167: ANDREAN EKO RAMADHAN | C167: TPB104211 | D167: BIOLOGI UMUM | E167: 20171 | F167: TPB | G167: D+ | H167: 1.5 | I167: 0 | J167: 20201 | K167: =COUNTIF('rEKAP kls MK'!$A$2:$A$35,Worksheet!C167) -> 0 | L167: =IF(A166<>A167,A167,"") -> F1B117009 | M167: =IF(B166<>B167,B167,"") -> ANDREAN EKO RAMADHAN | O167: =IF(D166<>D167,D167,"") | P167: =IF(F166<>F167,F167,"")
A168: F1B117010 | B168: ARGA SUTRI PRATAMA | C168: TPB104211 | D168: BIOLOGI UMUM | E168: 20171 | F168: TPB | G168: B | H168: 3 | I168: 0 | J168: 20201 | K168: =COUNTIF('rEKAP kls MK'!$A$2:$A$35,Worksheet!C168) -> 0 | L168: =IF(A167<>A168,A168,"") -> F1B117010 | M168: =IF(B167<>B168,B168,"") -> ARGA SUTRI PRATAMA | O168: =IF(D167<>D168,D168,"") | P168: =IF(F167<>F168,F168,"")
A169: F1B117011 | B169: BAYU ADE SURYA | C169: TPB104211 | D169: BIOLOGI UMUM | E169: 20171 | F169: TPB | G169: B | H169: 3 | I169: 0 | J169: 20201 | K169: =COUNTIF('rEKAP kls MK'!$A$2:$A$35,Worksheet!C169) -> 0 | L169: =IF(A168<>A169,A169,"") -> F1B117011 | M169: =IF(B168<>B169,B169,"") -> BAYU ADE SURYA | O169: =IF(D168<>D169,D169,"") | P169: =IF(F168<>F169,F169,"")
A170: F1B117012 | B170: ERLAN BAHTIAR | C170: TPB104211 | D170: BIOLOGI UMUM | E170: 20171 | F170: TPB | G170: B+ | H170: 3.5 | I170: 0 | J170: 20201 | K170: =COUNTIF('rEKAP kls MK'!$A$2:$A$35,Worksheet!C170) -> 0 | L170: =IF(A169<>A170,A170,"") -> F1B117012 | M170: =IF(B169<>B170,B170,"") -> ERLAN BAHTIAR | O170: =IF(D169<>D170,D170,"") | P170: =IF(F169<>F170,F170,"")
A171: F1B117013 | B171: FADHLI EKO PRASETYO | C171: TPB104211 | D171: BIOLOGI UMUM | E171: 20171 | F171: TPB | G171: B | H171: 3 | I171: 0 | J171: 20201 | K171: =COUNTIF('rEKAP kls MK'!$A$2:$A$35,Worksheet!C171) -> 0 | L171: =IF(A170<>A171,A171,"") -> F1B117013 | M171: =IF(B170<>B171,B171,"") -> FADHLI EKO PRASETYO | O171: =IF(D170<>D171,D171,"") | P171: =IF(F170<>F171,F171,"")
A172: F1B117014 | B172: FANNY WINDARY BATANIA | C172: TPB104211 | D172: BIOLOGI UMUM | E172: 20171 | F172: TPB | G172: B+ | H172: 3.5 | I172: 0 | J172: 20201 | K172: =COUNTIF('rEKAP kls MK'!$A$2:$A$35,Worksheet!C172) -> 0 | L172: =IF(A171<>A172,A172,"") -> F1B117014 | M172: =IF(B171<>B172,B172,"") -> FANNY WINDARY BATANIA | O172: =IF(D171<>D172,D172,"") | P172: =IF(F171<>F172,F172,"")
A173: F1B117015 | B173: GALI GALUH SAKTI | C173: TPB104211 | D173: BIOLOGI UMUM | E173: 20171 | F173: TPB | G173: B+ | H173: 3.5 | I173: 0 | J173: 20201 | K173: =COUNTIF('rEKAP kls MK'!$A$2:$A$35,Worksheet!C173) -> 0 | L173: =IF(A172<>A173,A173,"") -> F1B117015 | M173: =IF(B172<>B173,B173,"") -> GALI GALUH SAKTI | O173: =IF(D172<>D173,D173,"") | P173: =IF(F172<>F173,F173,"")
... A300: F1B116027 | B300: ROYHAN ADEKA SAPUTRA | C300: ES2125 | D300: DASAR TENAGA LISTRIK | E300: 20171 | F300: S | G300: D+ | H300: 1.5 | I300: 0 | J300: 20201 | K300: =COUNTIF('rEKAP kls MK'!$A$2:$A$35,Worksheet!C300) -> 2 | L300: =IF(A299<>A300,A300,"") -> F1B116027 | M300: =IF(B299<>B300,B300,"") -> ROYHAN ADEKA SAPUTRA | O300: =IF(D299<>D300,D300,"") | P300: =IF(F299<>F300,F300,"")
A301: F1B116029 | B301: TAUFIK ZUBAIDILLAH | C301: ES2125 | D301: DASAR TENAGA LISTRIK | E301: 20171 | F301: S | G301: C+ | H301: 2.5 | I301: 0 | J301: 20201 | K301: =COUNTIF('rEKAP kls MK'!$A$2:$A$35,Worksheet!C301) -> 2
A302: F1B116030 | B302: Yanuardi | C302: ES2125 | D302: DASAR TENAGA LISTRIK | E302: 20171 | F302: S | G302: B+ | H302: 3.5 | I302: 0 | J302: 20201 | K302: =COUNTIF('rEKAP kls MK'!$A$2:$A$35,Worksheet!C302) -> 2 | L302: =IF(A301<>A302,A302,"") -> F1B116030 | M302: =IF(B301<>B302,B302,"") -> Yanuardi | O302: =IF(D301<>D302,D302,"") | P302: =IF(F301<>F302,F302,"")
A303: F1B116032 | B303: Yuma | C303: ES2125 | D303: DASAR TENAGA LISTRIK | E303: 20171 | F303: S | G303: C+ | H303: 2.5 | I303: 0 | J303: 20201 | K303: =COUNTIF('rEKAP kls MK'!$A$2:$A$35,Worksheet!C303) -> 2 | L303: =IF(A302<>A303,A303,"") -> F1B116032 | M303: =IF(B302<>B303,B303,"") -> Yuma | O303: =IF(D302<>D303,D303,"") | P303: =IF(F302<>F303,F303,"")
A304: F1B116033 | B304: Yusril Bagas Sevyanto | C304: ES2125 | D304: DASAR TENAGA LISTRIK | E304: 20171 | F304: S | G304: C+ | H304: 2.5 | I304: 0 | J304: 20201 | K304: =COUNTIF('rEKAP kls MK'!$A$2:$A$35,Worksheet!C304) -> 2 | L304: =IF(A303<>A304,A304,"") -> F1B116033 | M304: =IF(B303<>B304,B304,"") -> Yusril Bagas Sevyanto | O304: =IF(D303<>D304,D304,"") | P304: =IF(F303<>F304,F304,"")
A305: F1B116034 | B305: YUSRON ALIF SETIAWAN | C305: ES2125 | D305: DASAR TENAGA LISTRIK | E305: 20171 | F305: S | G305: K | H305: 0 | I305: 0 | J305: 20201 | K305: =COUNTIF('rEKAP kls MK'!$A$2:$A$35,Worksheet!C305) -> 2 | L305: =IF(A304<>A305,A305,"") -> F1B116034 | M305: =IF(B304<>B305,B305,"") -> YUSRON ALIF SETIAWAN | O305: =IF(D304<>D305,D305,"") | P305: =IF(F304<>F305,F305,"")
A306: F1B111004 | B306: Ahmadi | C306: ES2233 | D306: EKONOMI TEKNIK | E306: 20171 | F306: S | G306: C | H306: 2 | I306: 0 | J306: 20201 | K306: =COUNTIF('rEKAP kls MK'!$A$2:$A$35,Worksheet!C306) -> 2 | L306: =IF(A305<>A306,A306,"") -> F1B111004 | M306: =IF(B305<>B306,B306,"") -> Ahmadi | O306: =IF(D305<>D306,D306,"") -> EKONOMI TEKNIK | P306: =IF(F305<>F306,F306,"")
A307: F1B111036 | B307: Lalu Anja Sukmana | C307: ES2233 | D307: EKONOMI TEKNIK | E307: 20171 | F307: S | G307: C | H307: 2 | I307: 0 | J307: 20201 | K307: =COUNTIF('rEKAP kls MK'!$A$2:$A$35,Worksheet!C307) -> 2 | L307: =IF(A306<>A307,A307,"") -> F1B111036 | M307: =IF(B306<>B307,B307,"") -> Lalu Anja Sukmana | O307: =IF(D306<>D307,D307,"") | P307: =IF(F306<>F307,F307,"")
A308: F1B111077 | B308: Samsul Hadi | C308: ES2233 | D308: EKONOMI TEKNIK | E308: 20171 | F308: S | G308: B | H308: 3 | I308: 0 | J308: 20201 | K308: =COUNTIF('rEKAP kls MK'!$A$2:$A$35,Worksheet!C308) -> 2 | L308: =IF(A307<>A308,A308,"") -> F1B111077 | M308: =IF(B307<>B308,B308,"") -> Samsul Hadi | O308: =IF(D307<>D308,D308,"") | P308: =IF(F307<>F308,F308,"")
A309: F1B112003 | B309: Aditya Kadarusman | C309: ES2233 | D309: EKONOMI TEKNIK | E309: 20171 | F309: S | G309: E | H309: 0 | I309: 0 | J309: 20201 | K309: =COUNTIF('rEKAP kls MK'!$A$2:$A$35,Worksheet!C309) -> 2 | L309: =IF(A308<>A309,A309,"") -> F1B112003 | M309: =IF(B308<>B309,B309,"") -> Aditya Kadarusman | O309: =IF(D308<>D309,D309,"") | P309: =IF(F308<>F309,F309,"")
A310: F1B112004 | B310: Alimudin Embu Tara | C310: ES2233 | D310: EKONOMI TEKNIK | E310: 20171 | F310: S | G310: C+ | H310: 2.5 | I310: 0 | J310: 20201 | K310: =COUNTIF('rEKAP kls MK'!$A$2:$A$35,Worksheet!C310) -> 2 | L310: =IF(A309<>A310,A310,"") -> F1B112004 | M310: =IF(B309<>B310,B310,"") -> Alimudin Embu Tara | O310: =IF(D309<>D310,D310,"") | P310: =IF(F309<>F310,F310,"")
A311: F1B112016 | B311: Ditya Timur Aska | C311: ES2233 | D311: EKONOMI TEKNIK | E311: 20171 | F311: S | G311: B+ | H311: 3.5 | I311: 0 | J311: 20201 | K311: =COUNTIF('rEKAP kls MK'!$A$2:$A$35,Worksheet!C311) -> 2 | L311: =IF(A310<>A311,A311,"") -> F1B112016 | M311: =IF(B310<>B311,B311,"") -> Ditya Timur Aska | O311: =IF(D310<>D311,D311,"") | P311: =IF(F310<>F311,F311,"")
A312: F1B112018 | B312: Edi Zulkarnain | C312: ES2233 | D312: EKONOMI TEKNIK | E312: 20171 | F312: S | G312: E | H312: 0 | I312: 0 | J312: 20201 | K312: =COUNTIF('rEKAP kls MK'!$A$2:$A$35,Worksheet!C312) -> 2 | L312: =IF(A311<>A312,A312,"") -> F1B112018 | M312: =IF(B311<>B312,B312,"") -> Edi Zulkarnain | O312: =IF(D311<>D312,D312,"") | P312: =IF(F311<>F312,F312,"")
A313: F1B112025 | B313: Haerur Rosyid | C313: ES2233 | D313: EKONOMI TEKNIK | E313: 20171 | F313: S | G313: B+ | H313: 3.5 | I313: 0 | J313: 20201 | K313: =COUNTIF('rEKAP kls MK'!$A$2:$A$35,Worksheet!C313) -> 2 | L313: =IF(A312<>A313,A313,"") -> F1B112025 | M313: =IF(B312<>B313,B313,"") -> Haerur Rosyid | O313: =IF(D312<>D313,D313,"") | P313: =IF(F312<>F313,F313,"")
... A386: F1B117039 | B386: WAHYU SIOPANO | C386: TPB102211 | D386: FISIKA DASAR | E386: 20171 | F386: TPB | G386: B+ | H386: 3.5 | I386: 0 | J386: 20201 | K386: =COUNTIF('rEKAP kls MK'!$A$2:$A$35,Worksheet!C386) -> 0 | L386: =IF(A385<>A386,A386,"") -> F1B117039 | M386: =IF(B385<>B386,B386,"") -> WAHYU SIOPANO | O386: =IF(D385<>D386,D386,"") | P386: =IF(F385<>F386,F386,"")
A387: F1B117040 | B387: WILLY HISBULLOH FAUZY FIRDAUS | C387: TPB102211 | D387: FISIKA DASAR | E387: 20171 | F387: TPB | G387: A | H387: 4 | I387: 0 | J387: 20201 | K387: =COUNTIF('rEKAP kls MK'!$A$2:$A$35,Worksheet!C387) -> 0
A388: F1B117041 | B388: WILLY PRADIYANTO | C388: TPB102211 | D388: FISIKA DASAR | E388: 20171 | F388: TPB | G388: A | H388: 4 | I388: 0 | J388: 20201 | K388: =COUNTIF('rEKAP kls MK'!$A$2:$A$35,Worksheet!C388) -> 0 | L388: =IF(A387<>A388,A388,"") -> F1B117041 | M388: =IF(B387<>B388,B388,"") -> WILLY PRADIYANTO | O388: =IF(D387<>D388,D388,"") | P388: =IF(F387<>F388,F388,"")
A389: F1B113006 | B389: ELAN CRIYANTO | C389: EA4002 | D389: GEJALA MEDAN TINGGI | E389: 20171 | F389: P | G389: E | H389: 0 | I389: 0 | J389: 20201 | K389: =COUNTIF('rEKAP kls MK'!$A$2:$A$35,Worksheet!C389) -> 0 | L389: =IF(A388<>A389,A389,"") -> F1B113006 | M389: =IF(B388<>B389,B389,"") -> ELAN CRIYANTO | O389: =IF(D388<>D389,D389,"") -> GEJALA MEDAN TINGGI | P389: =IF(F388<>F389,F389,"") -> P
A390: F1B113024 | B390: MARATUS SOLEHA | C390: EA4002 | D390: GEJALA MEDAN TINGGI | E390: 20171 | F390: P | G390: E | H390: 0 | I390: 0 | J390: 20201 | K390: =COUNTIF('rEKAP kls MK'!$A$2:$A$35,Worksheet!C390) -> 0 | L390: =IF(A389<>A390,A390,"") -> F1B113024 | M390: =IF(B389<>B390,B390,"") -> MARATUS SOLEHA | O390: =IF(D389<>D390,D390,"") | P390: =IF(F389<>F390,F390,"")
A391: F1B114003 | B391: AGUS SUPANDI | C391: EA4002 | D391: GEJALA MEDAN TINGGI | E391: 20171 | F391: P | G391: A | H391: 4 | I391: 0 | J391: 20201 | K391: =COUNTIF('rEKAP kls MK'!$A$2:$A$35,Worksheet!C391) -> 0 | L391: =IF(A390<>A391,A391,"") -> F1B114003 | M391: =IF(B390<>B391,B391,"") -> AGUS SUPANDI | O391: =IF(D390<>D391,D391,"") | P391: =IF(F390<>F391,F391,"")
A392: F1B113013 | B392: I NENGAH AGUS YOGI A | C392: EB4003 | D392: JARINGAN SYARAF TIRUAN | E392: 20171 | F392: P | G392: D+ | H392: 1.5 | I392: 0 | J392: 20201 | K392: =COUNTIF('rEKAP kls MK'!$A$2:$A$35,Worksheet!C392) -> 0 | L392: =IF(A391<>A392,A392,"") -> F1B113013 | M392: =IF(B391<>B392,B392,"") -> I NENGAH AGUS YOGI A | O392: =IF(D391<>D392,D392,"") -> JARINGAN SYARAF TIRUAN | P392: =IF(F391<>F392,F392,"")
A393: F1B112042 | B393: Muhammad Satriawan A | C393: EA4004 | D393: KECERDASAN BUATAN DALAM STL | E393: 20171 | F393: S | G393: B+ | H393: 3.5 | I393: 0 | J393: 20201 | K393: =COUNTIF('rEKAP kls MK'!$A$2:$A$35,Worksheet!C393) -> 1 | L393: =IF(A392<>A393,A393,"") -> F1B112042 | M393: =IF(B392<>B393,B393,"") -> Muhammad Satriawan A | O393: =IF(D392<>D393,D393,"") -> KECERDASAN BUATAN DALAM STL | P393: =IF(F392<>F393,F393,"") -> S
A394: F1B114001 | B394: ADI PURNA | C394: EA4004 | D394: KECERDASAN BUATAN DALAM STL | E394: 20171 | F394: S | G394: B | H394: 3 | I394: 0 | J394: 20201 | K394: =COUNTIF('rEKAP kls MK'!$A$2:$A$35,Worksheet!C394) -> 1 | L394: =IF(A393<>A394,A394,"") -> F1B114001 | M394: =IF(B393<>B394,B394,"") -> ADI PURNA | O394: =IF(D393<>D394,D394,"") | P394: =IF(F393<>F394,F394,"")
A395: F1B114003 | B395: AGUS SUPANDI | C395: EA4004 | D395: KECERDASAN BUATAN DALAM STL | E395: 20171 | F395: S | G395: B+ | H395: 3.5 | I395: 0 | J395: 20201 | K395: =COUNTIF('rEKAP kls MK'!$A$2:$A$35,Worksheet!C395) -> 1 | L395: =IF(A394<>A395,A395,"") -> F1B114003 | M395: =IF(B394<>B395,B395,"") -> AGUS SUPANDI | O395: =IF(D394<>D395,D395,"") | P395: =IF(F394<>F395,F395,"")
A396: F1B114004 | B396: AKHMAD AKHIR BULAN | C396: EA4004 | D396: KECERDASAN BUATAN DALAM STL | E396: 20171 | F396: S | G396: E | H396: 0 | I396: 0 | J396: 20201 | K396: =COUNTIF('rEKAP kls MK'!$A$2:$A$35,Worksheet!C396) -> 1 | L396: =IF(A395<>A396,A396,"") -> F1B114004 | M396: =IF(B395<>B396,B396,"") -> AKHMAD AKHIR BULAN | O396: =IF(D395<>D396,D396,"") | P396: =IF(F395<>F396,F396,"")
A397: F1B114016 | B397: HERLAN | C397: EA4004 | D397: KECERDASAN BUATAN DALAM STL | E397: 20171 | F397: S | G397: B+ | H397: 3.5 | I397: 0 | J397: 20201 | K397: =COUNTIF('rEKAP kls MK'!$A$2:$A$35,Worksheet!C397) -> 1 | L397: =IF(A396<>A397,A397,"") -> F1B114016 | M397: =IF(B396<>B397,B397,"") -> HERLAN | O397: =IF(D396<>D397,D397,"") | P397: =IF(F396<>F397,F397,"")
A398: F1B115002 | B398: AGUS SUPRIADI | C398: EA4004 | D398: KECERDASAN BUATAN DALAM STL | E398: 20171 | F398: S | G398: B+ | H398: 3.5 | I398: 0 | J398: 20201 | K398: =COUNTIF('rEKAP kls MK'!$A$2:$A$35,Worksheet!C398) -> 1 | L398: =IF(A397<>A398,A398,"") -> F1B115002 | M398: =IF(B397<>B398,B398,"") -> AGUS SUPRIADI | O398: =IF(D397<>D398,D398,"") | P398: =IF(F397<>F398,F398,"")
A399: F1B115008 | B399: ESI BIRAHMATIHI | C399: EA4004 | D399: KECERDASAN BUATAN DALAM STL | E399: 20171 | F399: S | G399: A | H399: 4 | I399: 0 | J399: 20201 | K399: =COUNTIF('rEKAP kls MK'!$A$2:$A$35,Worksheet!C399) -> 1 | L399: =IF(A398<>A399,A399,"") -> F1B115008 | M399: =IF(B398<>B399,B399,"") -> ESI BIRAHMATIHI | O399: =IF(D398<>D399,D399,"") | P399: =IF(F398<>F399,F399,"")
... A514: F1B117022 | B514: M. FAUZUL AKBAR | C514: TPB101301 | D514: MATEMATIKA DASAR | E514: 20171 | F514: TPB | G514: B | H514: 3 | I514: 0 | J514: 20201 | K514: =COUNTIF('rEKAP kls MK'!$A$2:$A$35,Worksheet!C514) -> 0 | L514: =IF(A513<>A514,A514,"") -> F1B117022 | M514: =IF(B513<>B514,B514,"") -> M. FAUZUL AKBAR | O514: =IF(D513<>D514,D514,"") | P514: =IF(F513<>F514,F514,"")
A515: F1B117023 | B515: M.FAISAL | C515: TPB101301 | D515: MATEMATIKA DASAR | E515: 20171 | F515: TPB | G515: B | H515: 3 | I515: 0 | J515: 20201 | K515: =COUNTIF('rEKAP kls MK'!$A$2:$A$35,Worksheet!C515) -> 0
A516: F1B117024 | B516: MUH. RISKI RAMADHAN | C516: TPB101301 | D516: MATEMATIKA DASAR | E516: 20171 | F516: TPB | G516: B | H516: 3 | I516: 0 | J516: 20201 | K516: =COUNTIF('rEKAP kls MK'!$A$2:$A$35,Worksheet!C516) -> 0 | L516: =IF(A515<>A516,A516,"") -> F1B117024 | M516: =IF(B515<>B516,B516,"") -> MUH. RISKI RAMADHAN | O516: =IF(D515<>D516,D516,"") | P516: =IF(F515<>F516,F516,"")
...

Sheet rEKAP MHS
A1: NIM | B1: Nama | C1: Semester | D1: SKS | E1: IP Semester | F1: SKS Kumulatif | G1: IP Kumulatif | H1: Status | I1: Kode Prodi | K1: tambah sks | M1: SKS * IPS | N1: SKS * IPK | P1: SKS | Q1: IP Semester | R1: SKS Kumulatif | S1: IP Kumulatif | T1: Status | U1: Kode Prodi
A2: F1B110010 | B2: GHAZI AKBAR | C2: 20171 | D2: =VLOOKUP(A2,[1]Worksheet!$A$2:$I$423,4,0) -> 0 | E2: =VLOOKUP(A2,[1]Worksheet!$A$2:$I$423,5,0) -> 0 | F2: =VLOOKUP(A2,[1]Worksheet!$A$2:$I$423,6,0) -> 197 | G2: =VLOOKUP(A2,[1]Worksheet!$A$2:$I$423,7,0) -> 2.02 | K2: 6 | M2: =D2*E2 -> 0 | N2: =F2*G2 -> 397.94 | P2: =K2+D2 -> 6 | Q2: =M2/P2 -> 0 | R2: =F2+K2 -> 203 | S2: =N2/R2 -> 1.9602956
A3: F1B110016 | B3: HAMDANI | C3: 20171 | D3: =VLOOKUP(A3,[1]Worksheet!$A$2:$I$423,4,0) -> 4 | E3: =VLOOKUP(A3,[1]Worksheet!$A$2:$I$423,5,0) -> 3.5 | F3: =VLOOKUP(A3,[1]Worksheet!$A$2:$I$423,6,0) -> 189 | G3: =VLOOKUP(A3,[1]Worksheet!$A$2:$I$423,7,0) -> 2.02 | M3: =D3*E3 -> 14 | N3: =F3*G3 -> 381.78 | P3: =K3+D3 -> 4 | Q3: =M3/P3 -> 3.5 | R3: =F3+K3 -> 189 | S3: =N3/R3 -> 2.02
A4: F1B110018 | B4: SAMSUL HADI | C4: 20171 | D4: =VLOOKUP(A4,[1]Worksheet!$A$2:$I$423,4,0) -> 0 | E4: =VLOOKUP(A4,[1]Worksheet!$A$2:$I$423,5,0) -> 0 | F4: =VLOOKUP(A4,[1]Worksheet!$A$2:$I$423,6,0) -> 207 | G4: =VLOOKUP(A4,[1]Worksheet!$A$2:$I$423,7,0) -> 1.86 | K4: 4 | M4: =D4*E4 -> 0 | N4: =F4*G4 -> 385.02 | P4: =K4+D4 -> 4 | Q4: =M4/P4 -> 0 | R4: =F4+K4 -> 211 | S4: =N4/R4 -> 1.8247393
A5: F1B110028 | B5: ERWIN PRATAMA HADI | C5: 20171 | D5: =VLOOKUP(A5,[1]Worksheet!$A$2:$I$423,4,0) -> 4 | E5: =VLOOKUP(A5,[1]Worksheet!$A$2:$I$423,5,0) -> 3.5 | F5: =VLOOKUP(A5,[1]Worksheet!$A$2:$I$423,6,0) -> 181 | G5: =VLOOKUP(A5,[1]Worksheet!$A$2:$I$423,7,0) -> 2.89 | M5: =D5*E5 -> 14 | N5: =F5*G5 -> 523.09 | P5: =K5+D5 -> 4 | Q5: =M5/P5 -> 3.5 | R5: =F5+K5 -> 181 | S5: =N5/R5 -> 2.89
A6: F1B110033 | B6: LALU MAYENDRA ISKANDAR | C6: 20171 | D6: =VLOOKUP(A6,[1]Worksheet!$A$2:$I$423,4,0) -> 4 | E6: =VLOOKUP(A6,[1]Worksheet!$A$2:$I$423,5,0) -> 3 | F6: =VLOOKUP(A6,[1]Worksheet!$A$2:$I$423,6,0) -> 208 | G6: =VLOOKUP(A6,[1]Worksheet!$A$2:$I$423,7,0) -> 2.3 | M6: =D6*E6 -> 12 | N6: =F6*G6 -> 478.4 | P6: =K6+D6 -> 4 | Q6: =M6/P6 -> 3 | R6: =F6+K6 -> 208 | S6: =N6/R6 -> 2.3
A7: F1B110034 | B7: RADIMAS DHAWNIEL P. | C7: 20171 | D7: =VLOOKUP(A7,[1]Worksheet!$A$2:$I$423,4,0) -> 4 | E7: =VLOOKUP(A7,[1]Worksheet!$A$2:$I$423,5,0) -> 4 | F7: =VLOOKUP(A7,[1]Worksheet!$A$2:$I$423,6,0) -> 189 | G7: =VLOOKUP(A7,[1]Worksheet!$A$2:$I$423,7,0) -> 2.43 | M7: =D7*E7 -> 16 | N7: =F7*G7 -> 459.27 | P7: =K7+D7 -> 4 | Q7: =M7/P7 -> 4 | R7: =F7+K7 -> 189 | S7: =N7/R7 -> 2.43
A8: F1B110036 | B8: M AZMI NOPIANDI | C8: 20171 | D8: =VLOOKUP(A8,[1]Worksheet!$A$2:$I$423,4,0) -> 4 | E8: =VLOOKUP(A8,[1]Worksheet!$A$2:$I$423,5,0) -> 3.5 | F8: =VLOOKUP(A8,[1]Worksheet!$A$2:$I$423,6,0) -> 197 | G8: =VLOOKUP(A8,[1]Worksheet!$A$2:$I$423,7,0) -> 2.16 | M8: =D8*E8 -> 14 | N8: =F8*G8 -> 425.52 | P8: =K8+D8 -> 4 | Q8: =M8/P8 -> 3.5 | R8: =F8+K8 -> 197 | S8: =N8/R8 -> 2.16
A9: F1B110044 | B9: ASMIWATI | C9: 20171 | D9: =VLOOKUP(A9,[1]Worksheet!$A$2:$I$423,4,0) -> 4 | E9: =VLOOKUP(A9,[1]Worksheet!$A$2:$I$423,5,0) -> 3.5 | F9: =VLOOKUP(A9,[1]Worksheet!$A$2:$I$423,6,0) -> 194 | G9: =VLOOKUP(A9,[1]Worksheet!$A$2:$I$423,7,0) -> 2.13 | M9: =D9*E9 -> 14 | N9: =F9*G9 -> 413.22 | P9: =K9+D9 -> 4 | Q9: =M9/P9 -> 3.5 | R9: =F9+K9 -> 194 | S9: =N9/R9 -> 2.13
A10: F1B110053 | B10: SADDAM KADIR RANGGO | C10: 20171 | D10: =VLOOKUP(A10,[1]Worksheet!$A$2:$I$423,4,0) -> 4 | E10: =VLOOKUP(A10,[1]Worksheet!$A$2:$I$423,5,0) -> 2.5 | F10: =VLOOKUP(A10,[1]Worksheet!$A$2:$I$423,6,0) -> 216 | G10: =VLOOKUP(A10,[1]Worksheet!$A$2:$I$423,7,0) -> 1.95 | M10: =D10*E10 -> 10 | N10: =F10*G10 -> 421.2 | P10: =K10+D10 -> 4 | Q10: =M10/P10 -> 2.5 | R10: =F10+K10 -> 216 | S10: =N10/R10 -> 1.95
A11: F1B110056 | B11: GALANG SAPUTRA | C11: 20171 | D11: =VLOOKUP(A11,[1]Worksheet!$A$2:$I$423,4,0) -> 4 | E11: =VLOOKUP(A11,[1]Worksheet!$A$2:$I$423,5,0) -> 3 | F11: =VLOOKUP(A11,[1]Worksheet!$A$2:$I$423,6,0) -> 185 | G11: =VLOOKUP(A11,[1]Worksheet!$A$2:$I$423,7,0) -> 2.39 | M11: =D11*E11 -> 12 | N11: =F11*G11 -> 442.15 | P11: =K11+D11 -> 4 | Q11: =M11/P11 -> 3 | R11: =F11+K11 -> 185 | S11: =N11/R11 -> 2.39
A12: F1B110057 | B12: YULIA PRADEWI | C12: 20171 | D12: =VLOOKUP(A12,[1]Worksheet!$A$2:$I$423,4,0) -> 4 | E12: =VLOOKUP(A12,[1]Worksheet!$A$2:$I$423,5,0) -> 3.5 | F12: =VLOOKUP(A12,[1]Worksheet!$A$2:$I$423,6,0) -> 181 | G12: =VLOOKUP(A12,[1]Worksheet!$A$2:$I$423,7,0) -> 2.47 | M12: =D12*E12 -> 14 | N12: =F12*G12 -> 447.07 | P12: =K12+D12 -> 4 | Q12: =M12/P12 -> 3.5 | R12: =F12+K12 -> 181 | S12: =N12/R12 -> 2.47
A13: F1B110062 | B13: SINGGIH RAMADHONI | C13: 20171 | D13: =VLOOKUP(A13,[1]Worksheet!$A$2:$I$423,4,0) -> 4 | E13: =VLOOKUP(A13,[1]Worksheet!$A$2:$I$423,5,0) -> 4 | F13: =VLOOKUP(A13,[1]Worksheet!$A$2:$I$423,6,0) -> 198 | G13: =VLOOKUP(A13,[1]Worksheet!$A$2:$I$423,7,0) -> 2.5 | M13: =D13*E13 -> 16 | N13: =F13*G13 -> 495 | P13: =K13+D13 -> 4 | Q13: =M13/P13 -> 4 | R13: =F13+K13 -> 198 | S13: =N13/R13 -> 2.5
A14: F1B110063 | B14: DANANG M ARIEF S P | C14: 20171 | D14: =VLOOKUP(A14,[1]Worksheet!$A$2:$I$423,4,0) -> 4 | E14: =VLOOKUP(A14,[1]Worksheet!$A$2:$I$423,5,0) -> 3.5 | F14: =VLOOKUP(A14,[1]Worksheet!$A$2:$I$423,6,0) -> 209 | G14: =VLOOKUP(A14,[1]Worksheet!$A$2:$I$423,7,0) -> 2.22 | M14: =D14*E14 -> 14 | N14: =F14*G14 -> 463.98 | P14: =K14+D14 -> 4 | Q14: =M14/P14 -> 3.5 | R14: =F14+K14 -> 209 | S14: =N14/R14 -> 2.22
A15: F1B110068 | B15: SUPARLAN ARDYANSYAH | C15: 20171 | D15: =VLOOKUP(A15,[1]Worksheet!$A$2:$I$423,4,0) -> 0 | E15: =VLOOKUP(A15,[1]Worksheet!$A$2:$I$423,5,0) -> 0 | F15: =VLOOKUP(A15,[1]Worksheet!$A$2:$I$423,6,0) -> 187 | G15: =VLOOKUP(A15,[1]Worksheet!$A$2:$I$423,7,0) -> 2.33 | K15: 6 | M15: =D15*E15 -> 0 | N15: =F15*G15 -> 435.71 | P15: =K15+D15 -> 6 | Q15: =M15/P15 -> 0 | R15: =F15+K15 -> 193 | S15: =N15/R15 -> 2.2575648
A16: F1B110071 | B16: TRENDY NIAGAWAN | C16: 20171 | D16: =VLOOKUP(A16,[1]Worksheet!$A$2:$I$423,4,0) -> 4 | E16: =VLOOKUP(A16,[1]Worksheet!$A$2:$I$423,5,0) -> 4 | F16: =VLOOKUP(A16,[1]Worksheet!$A$2:$I$423,6,0) -> 202 | G16: =VLOOKUP(A16,[1]Worksheet!$A$2:$I$423,7,0) -> 1.93 | M16: =D16*E16 -> 16 | N16: =F16*G16 -> 389.86 | P16: =K16+D16 -> 4 | Q16: =M16/P16 -> 4 | R16: =F16+K16 -> 202 | S16: =N16/R16 -> 1.93
A17: F1B110073 | B17: MUHAMAD JOHAN K | C17: 20171 | D17: =VLOOKUP(A17,[1]Worksheet!$A$2:$I$423,4,0) -> 4 | E17: =VLOOKUP(A17,[1]Worksheet!$A$2:$I$423,5,0) -> 3.5 | F17: =VLOOKUP(A17,[1]Worksheet!$A$2:$I$423,6,0) -> 208 | G17: =VLOOKUP(A17,[1]Worksheet!$A$2:$I$423,7,0) -> 2.26 | M17: =D17*E17 -> 14 | N17: =F17*G17 -> 470.08 | P17: =K17+D17 -> 4 | Q17: =M17/P17 -> 3.5 | R17: =F17+K17 -> 208 | S17: =N17/R17 -> 2.26
A18: F1B110076 | B18: LALU ARDYPATI | C18: 20171 | D18: =VLOOKUP(A18,[1]Worksheet!$A$2:$I$423,4,0) -> 4 | E18: =VLOOKUP(A18,[1]Worksheet!$A$2:$I$423,5,0) -> 2.38 | F18: =VLOOKUP(A18,[1]Worksheet!$A$2:$I$423,6,0) -> 198 | G18: =VLOOKUP(A18,[1]Worksheet!$A$2:$I$423,7,0) -> 1.77 | K18: 4 | M18: =D18*E18 -> 9.52 | N18: =F18*G18 -> 350.46 | P18: =K18+D18 -> 8 | Q18: =M18/P18 -> 1.19 | R18: =F18+K18 -> 202 | S18: =N18/R18 -> 1.7349505
A19: F1B110077 | B19: KHAIRUL ANAM | C19: 20171 | D19: =VLOOKUP(A19,[1]Worksheet!$A$2:$I$423,4,0) -> 4 | E19: =VLOOKUP(A19,[1]Worksheet!$A$2:$I$423,5,0) -> 3.5 | F19: =VLOOKUP(A19,[1]Worksheet!$A$2:$I$423,6,0) -> 210 | G19: =VLOOKUP(A19,[1]Worksheet!$A$2:$I$423,7,0) -> 1.99 | M19: =D19*E19 -> 14 | N19: =F19*G19 -> 417.9 | P19: =K19+D19 -> 4 | Q19: =M19/P19 -> 3.5 | R19: =F19+K19 -> 210 | S19: =N19/R19 -> 1.99
A20: F1B110078 | B20: SUPRIADI | C20: 20171 | D20: =VLOOKUP(A20,[1]Worksheet!$A$2:$I$423,4,0) -> 4 | E20: =VLOOKUP(A20,[1]Worksheet!$A$2:$I$423,5,0) -> 3.5 | F20: =VLOOKUP(A20,[1]Worksheet!$A$2:$I$423,6,0) -> 199 | G20: =VLOOKUP(A20,[1]Worksheet!$A$2:$I$423,7,0) -> 2.32 | M20: =D20*E20 -> 14 | N20: =F20*G20 -> 461.68 | P20: =K20+D20 -> 4 | Q20: =M20/P20 -> 3.5 | R20: =F20+K20 -> 199 | S20: =N20/R20 -> 2.32
A21: F1B111002 | B21: Agus Budi Nurcahyono | C21: 20171 | D21: =VLOOKUP(A21,[1]Worksheet!$A$2:$I$423,4,0) -> 0 | E21: =VLOOKUP(A21,[1]Worksheet!$A$2:$I$423,5,0) -> 0 | F21: =VLOOKUP(A21,[1]Worksheet!$A$2:$I$423,6,0) -> 166 | G21: =VLOOKUP(A21,[1]Worksheet!$A$2:$I$423,7,0) -> 2.66 | K21: 4 | M21: =D21*E21 -> 0 | N21: =F21*G21 -> 441.56 | P21: =K21+D21 -> 4 | Q21: =M21/P21 -> 0 | R21: =F21+K21 -> 170 | S21: =N21/R21 -> 2.5974118
A22: F1B111004 | B22: Ahmadi | C22: 20171 | D22: =VLOOKUP(A22,[1]Worksheet!$A$2:$I$423,4,0) -> 11 | E22: =VLOOKUP(A22,[1]Worksheet!$A$2:$I$423,5,0) -> 2.18 | F22: =VLOOKUP(A22,[1]Worksheet!$A$2:$I$423,6,0) -> 182 | G22: =VLOOKUP(A22,[1]Worksheet!$A$2:$I$423,7,0) -> 2.17 | M22: =D22*E22 -> 23.98 | N22: =F22*G22 -> 394.94 | P22: =K22+D22 -> 11 | Q22: =M22/P22 -> 2.18 | R22: =F22+K22 -> 182 | S22: =N22/R22 -> 2.17
A23: F1B111006 | B23: Alfan Aditya | C23: 20171 | D23: =VLOOKUP(A23,[1]Worksheet!$A$2:$I$423,4,0) -> 0 | E23: =VLOOKUP(A23,[1]Worksheet!$A$2:$I$423,5,0) -> 0 | F23: =VLOOKUP(A23,[1]Worksheet!$A$2:$I$423,6,0) -> 196 | G23: =VLOOKUP(A23,[1]Worksheet!$A$2:$I$423,7,0) -> 2.42 | K23: 4 | M23: =D23*E23 -> 0 | N23: =F23*G23 -> 474.32 | P23: =K23+D23 -> 4 | Q23: =M23/P23 -> 0 | R23: =F23+K23 -> 200 | S23: =N23/R23 -> 2.3716
A24: F1B111007 | B24: Andika Nugraha | C24: 20171 | D24: =VLOOKUP(A24,[1]Worksheet!$A$2:$I$423,4,0) -> 0 | E24: =VLOOKUP(A24,[1]Worksheet!$A$2:$I$423,5,0) -> 0 | F24: =VLOOKUP(A24,[1]Worksheet!$A$2:$I$423,6,0) -> 177 | G24: =VLOOKUP(A24,[1]Worksheet!$A$2:$I$423,7,0) -> 2.3 | K24: 4 | M24: =D24*E24 -> 0 | N24: =F24*G24 -> 407.1 | P24: =K24+D24 -> 4 | Q24: =M24/P24 -> 0 | R24: =F24+K24 -> 181 | S24: =N24/R24 -> 2.2491713
A25: F1B111008 | B25: Arif Hidayatullah | C25: 20171 | D25: =VLOOKUP(A25,[1]Worksheet!$A$2:$I$423,4,0) -> 0 | E25: =VLOOKUP(A25,[1]Worksheet!$A$2:$I$423,5,0) -> 0 | F25: =VLOOKUP(A25,[1]Worksheet!$A$2:$I$423,6,0) -> 160 | G25: =VLOOKUP(A25,[1]Worksheet!$A$2:$I$423,7,0) -> 2.88 | K25: 4 | M25: =D25*E25 -> 0 | N25: =F25*G25 -> 460.8 | P25: =K25+D25 -> 4 | Q25: =M25/P25 -> 0 | R25: =F25+K25 -> 164 | S25: =N25/R25 -> 2.8097561
A26: F1B111012 | B26: Baiq Ifi Nawal Akifi | C26: 20171 | D26: =VLOOKUP(A26,[1]Worksheet!$A$2:$I$423,4,0) -> 4 | E26: =VLOOKUP(A26,[1]Worksheet!$A$2:$I$423,5,0) -> 4 | F26: =VLOOKUP(A26,[1]Worksheet!$A$2:$I$423,6,0) -> 171 | G26: =VLOOKUP(A26,[1]Worksheet!$A$2:$I$423,7,0) -> 2.51 | M26: =D26*E26 -> 16 | N26: =F26*G26 -> 429.21 | P26: =K26+D26 -> 4 | Q26: =M26/P26 -> 4 | R26: =F26+K26 -> 171 | S26: =N26/R26 -> 2.51
A27: F1B111015 | B27: Dwi Kurniawan P. | C27: 20171 | D27: =VLOOKUP(A27,[1]Worksheet!$A$2:$I$423,4,0) -> 4 | E27: =VLOOKUP(A27,[1]Worksheet!$A$2:$I$423,5,0) -> 4 | F27: =VLOOKUP(A27,[1]Worksheet!$A$2:$I$423,6,0) -> 174 | G27: =VLOOKUP(A27,[1]Worksheet!$A$2:$I$423,7,0) -> 2.49 | M27: =D27*E27 -> 16 | N27: =F27*G27 -> 433.26 | P27: =K27+D27 -> 4 | Q27: =M27/P27 -> 4 | R27: =F27+K27 -> 174 | S27: =N27/R27 -> 2.49
A28: F1B111019 | B28: Fathurrahman | C28: 20171 | D28: =VLOOKUP(A28,[1]Worksheet!$A$2:$I$423,4,0) -> 4 | E28: =VLOOKUP(A28,[1]Worksheet!$A$2:$I$423,5,0) -> 4 | F28: =VLOOKUP(A28,[1]Worksheet!$A$2:$I$423,6,0) -> 174 | G28: =VLOOKUP(A28,[1]Worksheet!$A$2:$I$423,7,0) -> 2.79 | M28: =D28*E28 -> 16 | N28: =F28*G28 -> 485.46 | P28: =K28+D28 -> 4 | Q28: =M28/P28 -> 4 | R28: =F28+K28 -> 174 | S28: =N28/R28 -> 2.79
A29: F1B111020 | B29: Ghalib Mansur Thalib | C29: 20171 | D29: =VLOOKUP(A29,[1]Worksheet!$A$2:$I$423,4,0) -> 7 | E29: =VLOOKUP(A29,[1]Worksheet!$A$2:$I$423,5,0) -> 0 | F29: =VLOOKUP(A29,[1]Worksheet!$A$2:$I$423,6,0) -> 159 | G29: =VLOOKUP(A29,[1]Worksheet!$A$2:$I$423,7,0) -> 1.6 | M29: =D29*E29 -> 0 | N29: =F29*G29 -> 254.4 | P29: =K29+D29 -> 7 | Q29: =M29/P29 -> 0 | R29: =F29+K29 -> 159 | S29: =N29/R29 -> 1.6
A30: F1B111021 | B30: Haerurrozi | C30: 20171 | D30: =VLOOKUP(A30,[1]Worksheet!$A$2:$I$423,4,0) -> 0 | E30: =VLOOKUP(A30,[1]Worksheet!$A$2:$I$423,5,0) -> 0 | F30: =VLOOKUP(A30,[1]Worksheet!$A$2:$I$423,6,0) -> 163 | G30: =VLOOKUP(A30,[1]Worksheet!$A$2:$I$423,7,0) -> 2.62 | K30: 4 | M30: =D30*E30 -> 0 | N30: =F30*G30 -> 427.06 | P30: =K30+D30 -> 4 | Q30: =M30/P30 -> 0 | R30: =F30+K30 -> 167 | S30: =N30/R30 -> 2.5572455
A31: F1B111024 | B31: Hulaipi | C31: 20171 | D31: =VLOOKUP(A31,[1]Worksheet!$A$2:$I$423,4,0) -> 4 | E31: =VLOOKUP(A31,[1]Worksheet!$A$2:$I$423,5,0) -> 3.5 | F31: =VLOOKUP(A31,[1]Worksheet!$A$2:$I$423,6,0) -> 160 | G31: =VLOOKUP(A31,[1]Worksheet!$A$2:$I$423,7,0) -> 2.94 | M31: =D31*E31 -> 14 | N31: =F31*G31 -> 470.4 | P31: =K31+D31 -> 4 | Q31: =M31/P31 -> 3.5 | R31: =F31+K31 -> 160 | S31: =N31/R31 -> 2.94
A32: F1B111025 | B32: Husnul Kahpi | C32: 20171 | D32: =VLOOKUP(A32,[1]Worksheet!$A$2:$I$423,4,0) -> 4 | E32: =VLOOKUP(A32,[1]Worksheet!$A$2:$I$423,5,0) -> 3.5 | F32: =VLOOKUP(A32,[1]Worksheet!$A$2:$I$423,6,0) -> 180 | G32: =VLOOKUP(A32,[1]Worksheet!$A$2:$I$423,7,0) -> 2.36 | M32: =D32*E32 -> 14 | N32: =F32*G32 -> 424.8 | P32: =K32+D32 -> 4 | Q32: =M32/P32 -> 3.5 | R32: =F32+K32 -> 180 | S32: =N32/R32 -> 2.36
A33: F1B111026 | B33: I Ketut Astana | C33: 20171 | D33: =VLOOKUP(A33,[1]Worksheet!$A$2:$I$423,4,0) -> 4 | E33: =VLOOKUP(A33,[1]Worksheet!$A$2:$I$423,5,0) -> 3.5 | F33: =VLOOKUP(A33,[1]Worksheet!$A$2:$I$423,6,0) -> 191 | G33: =VLOOKUP(A33,[1]Worksheet!$A$2:$I$423,7,0) -> 2.44 | M33: =D33*E33 -> 14 | N33: =F33*G33 -> 466.04 | P33: =K33+D33 -> 4 | Q33: =M33/P33 -> 3.5 | R33: =F33+K33 -> 191 | S33: =N33/R33 -> 2.44
A34: F1B111027 | B34: I Made Sulastra | C34: 20171 | D34: =VLOOKUP(A34,[1]Worksheet!$A$2:$I$423,4,0) -> 0 | E34: =VLOOKUP(A34,[1]Worksheet!$A$2:$I$423,5,0) -> 0 | F34: =VLOOKUP(A34,[1]Worksheet!$A$2:$I$423,6,0) -> 166 | G34: =VLOOKUP(A34,[1]Worksheet!$A$2:$I$423,7,0) -> 2.75 | K34: 4 | M34: =D34*E34 -> 0 | N34: =F34*G34 -> 456.5 | P34: =K34+D34 -> 4 | Q34: =M34/P34 -> 0 | R34: =F34+K34 -> 170 | S34: =N34/R34 -> 2.6852941
A35: F1B111030 | B35: Islahudin | C35: 20171 | D35: =VLOOKUP(A35,[1]Worksheet!$A$2:$I$423,4,0) -> 15 | E35: =VLOOKUP(A35,[1]Worksheet!$A$2:$I$423,5,0) -> 0 | F35: =VLOOKUP(A35,[1]Worksheet!$A$2:$I$423,6,0) -> 192 | G35: =VLOOKUP(A35,[1]Worksheet!$A$2:$I$423,7,0) -> 1.65 | K35: 9 | M35: =D35*E35 -> 0 | N35: =F35*G35 -> 316.8 | P35: =K35+D35 -> 24 | Q35: =M35/P35 -> 0 | R35: =F35+K35 -> 201 | S35: =N35/R35 -> 1.5761194
A36: F1B111031 | B36: Ita Isnawati | C36: 20171 | D36: =VLOOKUP(A36,[1]Worksheet!$A$2:$I$423,4,0) -> 4 | E36: =VLOOKUP(A36,[1]Worksheet!$A$2:$I$423,5,0) -> 3.5 | F36: =VLOOKUP(A36,[1]Worksheet!$A$2:$I$423,6,0) -> 157 | G36: =VLOOKUP(A36,[1]Worksheet!$A$2:$I$423,7,0) -> 3.12 | M36: =D36*E36 -> 14 | N36: =F36*G36 -> 489.84 | P36: =K36+D36 -> 4 | Q36: =M36/P36 -> 3.5 | R36: =F36+K36 -> 157 | S36: =N36/R36 -> 3.12
A37: F1B111033 | B37: Jumait | C37: 20171 | D37: =VLOOKUP(A37,[1]Worksheet!$A$2:$I$423,4,0) -> 6 | E37: =VLOOKUP(A37,[1]Worksheet!$A$2:$I$423,5,0) -> 1.83 | F37: =VLOOKUP(A37,[1]Worksheet!$A$2:$I$423,6,0) -> 177 | G37: =VLOOKUP(A37,[1]Worksheet!$A$2:$I$423,7,0) -> 2.12 | K37: 4 | M37: =D37*E37 -> 10.98 | N37: =F37*G37 -> 375.24 | P37: =K37+D37 -> 10 | Q37: =M37/P37 -> 1.098 | R37: =F37+K37 -> 181 | S37: =N37/R37 -> 2.0731492
A38: F1B111034 | B38: Jusman Alfian Sofian | C38: 20171 | D38: =VLOOKUP(A38,[1]Worksheet!$A$2:$I$423,4,0) -> 0 | E38: =VLOOKUP(A38,[1]Worksheet!$A$2:$I$423,5,0) -> 0 | F38: =VLOOKUP(A38,[1]Worksheet!$A$2:$I$423,6,0) -> 206 | G38: =VLOOKUP(A38,[1]Worksheet!$A$2:$I$423,7,0) -> 2.05 | K38: 4 | M38: =D38*E38 -> 0 | N38: =F38*G38 -> 422.3 | P38: =K38+D38 -> 4 | Q38: =M38/P38 -> 0 | R38: =F38+K38 -> 210 | S38: =N38/R38 -> 2.0109524
A39: F1B111036 | B39: Lalu Anja Sukmana | C39: 20171 | D39: =VLOOKUP(A39,[1]Worksheet!$A$2:$I$423,4,0) -> 24 | E39: =VLOOKUP(A39,[1]Worksheet!$A$2:$I$423,5,0) -> 2.06 | F39: =VLOOKUP(A39,[1]Worksheet!$A$2:$I$423,6,0) -> 155 | G39: =VLOOKUP(A39,[1]Worksheet!$A$2:$I$423,7,0) -> 1.92 | M39: =D39*E39 -> 49.44 | N39: =F39*G39 -> 297.6 | P39: =K39+D39 -> 24 | Q39: =M39/P39 -> 2.06 | R39: =F39+K39 -> 155 | S39: =N39/R39 -> 1.92
A40: F1B111039 | B40: Lina Usmiati | C40: 20171 | D40: =VLOOKUP(A40,[1]Worksheet!$A$2:$I$423,4,0) -> 0 | E40: =VLOOKUP(A40,[1]Worksheet!$A$2:$I$423,5,0) -> 0 | F40: =VLOOKUP(A40,[1]Worksheet!$A$2:$I$423,6,0) -> 159 | G40: =VLOOKUP(A40,[1]Worksheet!$A$2:$I$423,7,0) -> 3.06 | K40: 4 | M40: =D40*E40 -> 0 | N40: =F40*G40 -> 486.54 | P40: =K40+D40 -> 4 | Q40: =M40/P40 -> 0 | R40: =F40+K40 -> 163 | S40: =N40/R40 -> 2.984908
A41: F1B111040 | B41: Linda Komalasari | C41: 20171 | D41: =VLOOKUP(A41,[1]Worksheet!$A$2:$I$423,4,0) -> 4 | E41: =VLOOKUP(A41,[1]Worksheet!$A$2:$I$423,5,0) -> 4 | F41: =VLOOKUP(A41,[1]Worksheet!$A$2:$I$423,6,0) -> 173 | G41: =VLOOKUP(A41,[1]Worksheet!$A$2:$I$423,7,0) -> 2.49 | M41: =D41*E41 -> 16 | N41: =F41*G41 -> 430.77 | P41: =K41+D41 -> 4 | Q41: =M41/P41 -> 4 | R41: =F41+K41 -> 173 | S41: =N41/R41 -> 2.49
A42: F1B111041 | B42: M. Ahsanul Khaliq | C42: 20171 | D42: =VLOOKUP(A42,[1]Worksheet!$A$2:$I$423,4,0) -> 2 | E42: =VLOOKUP(A42,[1]Worksheet!$A$2:$I$423,5,0) -> 3.5 | F42: =VLOOKUP(A42,[1]Worksheet!$A$2:$I$423,6,0) -> 188 | G42: =VLOOKUP(A42,[1]Worksheet!$A$2:$I$423,7,0) -> 2.31 | K42: 4 | M42: =D42*E42 -> 7 | N42: =F42*G42 -> 434.28 | P42: =K42+D42 -> 6 | Q42: =M42/P42 -> 1.1666667 | R42: =F42+K42 -> 192 | S42: =N42/R42 -> 2.261875
A43: F1B111043 | B43: M Febriansyah Fadli | C43: 20171 | D43: =VLOOKUP(A43,[1]Worksheet!$A$2:$I$423,4,0) -> 4 | E43: =VLOOKUP(A43,[1]Worksheet!$A$2:$I$423,5,0) -> 3.5 | F43: =VLOOKUP(A43,[1]Worksheet!$A$2:$I$423,6,0) -> 170 | G43: =VLOOKUP(A43,[1]Worksheet!$A$2:$I$423,7,0) -> 2.85 | M43: =D43*E43 -> 14 | N43: =F43*G43 -> 484.5 | P43: =K43+D43 -> 4 | Q43: =M43/P43 -> 3.5 | R43: =F43+K43 -> 170 | S43: =N43/R43 -> 2.85
A44: F1B111045 | B44: M. Nurrahman | C44: 20171 | D44: =VLOOKUP(A44,[1]Worksheet!$A$2:$I$423,4,0) -> 2 | E44: =VLOOKUP(A44,[1]Worksheet!$A$2:$I$423,5,0) -> 0 | F44: =VLOOKUP(A44,[1]Worksheet!$A$2:$I$423,6,0) -> 175 | G44: =VLOOKUP(A44,[1]Worksheet!$A$2:$I$423,7,0) -> 2.55 | K44: 4 | M44: =D44*E44 -> 0 | N44: =F44*G44 -> 446.25 | P44: =K44+D44 -> 6 | Q44: =M44/P44 -> 0 | R44: =F44+K44 -> 179 | S44: =N44/R44 -> 2.4930168
A45: F1B111047 | B45: M. Sofyan Hakim | C45: 20171 | D45: =VLOOKUP(A45,[1]Worksheet!$A$2:$I$423,4,0) -> 4 | E45: =VLOOKUP(A45,[1]Worksheet!$A$2:$I$423,5,0) -> 1.75 | F45: =VLOOKUP(A45,[1]Worksheet!$A$2:$I$423,6,0) -> 178 | G45: =VLOOKUP(A45,[1]Worksheet!$A$2:$I$423,7,0) -> 2.34 | K45: 4 | M45: =D45*E45 -> 7 | N45: =F45*G45 -> 416.52 | P45: =K45+D45 -> 8 | Q45: =M45/P45 -> 0.875 | R45: =F45+K45 -> 182 | S45: =N45/R45 -> 2.2885714
A46: F1B111049 | B46: Marwan | C46: 20171 | D46: =VLOOKUP(A46,[1]Worksheet!$A$2:$I$423,4,0) -> 0 | E46: =VLOOKUP(A46,[1]Worksheet!$A$2:$I$423,5,0) -> 0 | F46: =VLOOKUP(A46,[1]Worksheet!$A$2:$I$423,6,0) -> 172 | G46: =VLOOKUP(A46,[1]Worksheet!$A$2:$I$423,7,0) -> 2.62 | K46: 4 | M46: =D46*E46 -> 0 | N46: =F46*G46 -> 450.64 | P46: =K46+D46 -> 4 | Q46: =M46/P46 -> 0 | R46: =F46+K46 -> 176 | S46: =N46/R46 -> 2.5604545
A47: F1B111051 | B47: Mhd Munawir Haris | C47: 20171 | D47: =VLOOKUP(A47,[1]Worksheet!$A$2:$I$423,4,0) -> 0 | E47: =VLOOKUP(A47,[1]Worksheet!$A$2:$I$423,5,0) -> 0 | F47: =VLOOKUP(A47,[1]Worksheet!$A$2:$I$423,6,0) -> 187 | G47: =VLOOKUP(A47,[1]Worksheet!$A$2:$I$423,7,0) -> 2.59 | K47: 4 | M47: =D47*E47 -> 0 | N47: =F47*G47 -> 484.33 | P47: =K47+D47 -> 4 | Q47: =M47/P47 -> 0 | R47: =F47+K47 -> 191 | S47: =N47/R47 -> 2.5357592
A48: F1B111053 | B48: Muhammad Rifai | C48: 20171 | D48: =VLOOKUP(A48,[1]Worksheet!$A$2:$I$423,4,0) -> 0 | E48: =VLOOKUP(A48,[1]Worksheet!$A$2:$I$423,5,0) -> 0 | F48: =VLOOKUP(A48,[1]Worksheet!$A$2:$I$423,6,0) -> 172 | G48: =VLOOKUP(A48,[1]Worksheet!$A$2:$I$423,7,0) -> 2.67 | K48: 4 | M48: =D48*E48 -> 0 | N48: =F48*G48 -> 459.24 | P48: =K48+D48 -> 4 | Q48: =M48/P48 -> 0 | R48: =F48+K48 -> 176 | S48: =N48/R48 -> 2.6093182
A49: F1B111059 | B49: Nukrah | C49: 20171 | D49: =VLOOKUP(A49,[1]Worksheet!$A$2:$I$423,4,0) -> 9 | E49: =VLOOKUP(A49,[1]Worksheet!$A$2:$I$423,5,0) -> 2.83 | F49: =VLOOKUP(A49,[1]Worksheet!$A$2:$I$423,6,0) -> 186 | G49: =VLOOKUP(A49,[1]Worksheet!$A$2:$I$423,7,0) -> 2.11 | K49: 4 | M49: =D49*E49 -> 25.47 | N49: =F49*G49 -> 392.46 | P49: =K49+D49 -> 13 | Q49: =M49/P49 -> 1.9592308 | R49: =F49+K49 -> 190 | S49: =N49/R49 -> 2.0655789
A50: F1B111063 | B50: Prayoga Hidayat | C50: 20171 | D50: =VLOOKUP(A50,[1]Worksheet!$A$2:$I$423,4,0) -> 0 | E50: =VLOOKUP(A50,[1]Worksheet!$A$2:$I$423,5,0) -> 0 | F50: =VLOOKUP(A50,[1]Worksheet!$A$2:$I$423,6,0) -> 172 | G50: =VLOOKUP(A50,[1]Worksheet!$A$2:$I$423,7,0) -> 2.6 | K50: 4 | M50: =D50*E50 -> 0 | N50: =F50*G50 -> 447.2 | P50: =K50+D50 -> 4 | Q50: =M50/P50 -> 0 | R50: =F50+K50 -> 176 | S50: =N50/R50 -> 2.5409091
A51: F1B111066 | B51: Riastu Gunaji | C51: 20171 | D51: =VLOOKUP(A51,[1]Worksheet!$A$2:$I$423,4,0) -> 4 | E51: =VLOOKUP(A51,[1]Worksheet!$A$2:$I$423,5,0) -> 4 | F51: =VLOOKUP(A51,[1]Worksheet!$A$2:$I$423,6,0) -> 189 | G51: =VLOOKUP(A51,[1]Worksheet!$A$2:$I$423,7,0) -> 2.61 | M51: =D51*E51 -> 16 | N51: =F51*G51 -> 493.29 | P51: =K51+D51 -> 4 | Q51: =M51/P51 -> 4 | R51: =F51+K51 -> 189 | S51: =N51/R51 -> 2.61
A52: F1B111075 | B52: Sahbudin | C52: 20171 | D52: =VLOOKUP(A52,[1]Worksheet!$A$2:$I$423,4,0) -> 5 | E52: =VLOOKUP(A52,[1]Worksheet!$A$2:$I$423,5,0) -> 0 | F52: =VLOOKUP(A52,[1]Worksheet!$A$2:$I$423,6,0) -> 205 | G52: =VLOOKUP(A52,[1]Worksheet!$A$2:$I$423,7,0) -> 2.2 | K52: 4 | M52: =D52*E52 -> 0 | N52: =F52*G52 -> 451 | P52: =K52+D52 -> 9 | Q52: =M52/P52 -> 0 | R52: =F52+K52 -> 209 | S52: =N52/R52 -> 2.1578947
A53: F1B111077 | B53: Samsul Hadi | C53: 20171 | D53: =VLOOKUP(A53,[1]Worksheet!$A$2:$I$423,4,0) -> 6 | E53: =VLOOKUP(A53,[1]Worksheet!$A$2:$I$423,5,0) -> 2.67 | F53: =VLOOKUP(A53,[1]Worksheet!$A$2:$I$423,6,0) -> 190 | G53: =VLOOKUP(A53,[1]Worksheet!$A$2:$I$423,7,0) -> 1.98 | K53: 4 | M53: =D53*E53 -> 16.02 | N53: =F53*G53 -> 376.2 | P53: =K53+D53 -> 10 | Q53: =M53/P53 -> 1.602 | R53: =F53+K53 -> 194 | S53: =N53/R53 -> 1.9391753
A54: F1B111079 | B54: Stevira Rahman | C54: 20171 | D54: =VLOOKUP(A54,[1]Worksheet!$A$2:$I$423,4,0) -> 0 | E54: =VLOOKUP(A54,[1]Worksheet!$A$2:$I$423,5,0) -> 0 | F54: =VLOOKUP(A54,[1]Worksheet!$A$2:$I$423,6,0) -> 170 | G54: =VLOOKUP(A54,[1]Worksheet!$A$2:$I$423,7,0) -> 2.77 | K54: 4 | M54: =D54*E54 -> 0 | N54: =F54*G54 -> 470.9 | P54: =K54+D54 -> 4 | Q54: =M54/P54 -> 0 | R54: =F54+K54 -> 174 | S54: =N54/R54 -> 2.7063218
A55: F1B111081 | B55: Sumiyati | C55: 20171 | D55: =VLOOKUP(A55,[1]Worksheet!$A$2:$I$423,4,0) -> 4 | E55: =VLOOKUP(A55,[1]Worksheet!$A$2:$I$423,5,0) -> 4 | F55: =VLOOKUP(A55,[1]Worksheet!$A$2:$I$423,6,0) -> 179 | G55: =VLOOKUP(A55,[1]Worksheet!$A$2:$I$423,7,0) -> 2.48 | M55: =D55*E55 -> 16 | N55: =F55*G55 -> 443.92 | P55: =K55+D55 -> 4 | Q55: =M55/P55 -> 4 | R55: =F55+K55 -> 179 | S55: =N55/R55 -> 2.48
A56: F1B111087 | B56: Yusika Ade Prakasih | C56: 20171 | D56: =VLOOKUP(A56,[1]Worksheet!$A$2:$I$423,4,0) -> 4 | E56: =VLOOKUP(A56,[1]Worksheet!$A$2:$I$423,5,0) -> 3.5 | F56: =VLOOKUP(A56,[1]Worksheet!$A$2:$I$423,6,0) -> 177 | G56: =VLOOKUP(A56,[1]Worksheet!$A$2:$I$423,7,0) -> 2.5 | M56: =D56*E56 -> 14 | N56: =F56*G56 -> 442.5 | P56: =K56+D56 -> 4 | Q56: =M56/P56 -> 3.5 | R56: =F56+K56 -> 177 | S56: =N56/R56 -> 2.5
A57: F1B111088 | B57: Zulkarnaemi | C57: 20171 | D57: =VLOOKUP(A57,[1]Worksheet!$A$2:$I$423,4,0) -> 0 | E57: =VLOOKUP(A57,[1]Worksheet!$A$2:$I$423,5,0) -> 0 | F57: =VLOOKUP(A57,[1]Worksheet!$A$2:$I$423,6,0) -> 177 | G57: =VLOOKUP(A57,[1]Worksheet!$A$2:$I$423,7,0) -> 2.49 | K57: 4 | M57: =D57*E57 -> 0 | N57: =F57*G57 -> 440.73 | P57: =K57+D57 -> 4 | Q57: =M57/P57 -> 0 | R57: =F57+K57 -> 181 | S57: =N57/R57 -> 2.4349724
A58: F1B112001 | B58: Ade Jodi Harmawan | C58: 20171 | D58: =VLOOKUP(A58,[1]Worksheet!$A$2:$I$423,4,0) -> 4 | E58: =VLOOKUP(A58,[1]Worksheet!$A$2:$I$423,5,0) -> 4 | F58: =VLOOKUP(A58,[1]Worksheet!$A$2:$I$423,6,0) -> 160 | G58: =VLOOKUP(A58,[1]Worksheet!$A$2:$I$423,7,0) -> 3.01 | M58: =D58*E58 -> 16 | N58: =F58*G58 -> 481.6 | P58: =K58+D58 -> 4 | Q58: =M58/P58 -> 4 | R58: =F58+K58 -> 160 | S58: =N58/R58 -> 3.01
A59: F1B112003 | B59: Aditya Kadarusman | C59: 20171 | D59: =VLOOKUP(A59,[1]Worksheet!$A$2:$I$423,4,0) -> 17 | E59: =VLOOKUP(A59,[1]Worksheet!$A$2:$I$423,5,0) -> 1.56 | F59: =VLOOKUP(A59,[1]Worksheet!$A$2:$I$423,6,0) -> 193 | G59: =VLOOKUP(A59,[1]Worksheet!$A$2:$I$423,7,0) -> 2.5 | M59: =D59*E59 -> 26.52 | N59: =F59*G59 -> 482.5 | P59: =K59+D59 -> 17 | Q59: =M59/P59 -> 1.56 | R59: =F59+K59 -> 193 | S59: =N59/R59 -> 2.5
A60: F1B112004 | B60: Alimudin Embu Tara | C60: 20171 | D60: =VLOOKUP(A60,[1]Worksheet!$A$2:$I$423,4,0) -> 15 | E60: =VLOOKUP(A60,[1]Worksheet!$A$2:$I$423,5,0) -> 2.87 | F60: =VLOOKUP(A60,[1]Worksheet!$A$2:$I$423,6,0) -> 150 | G60: =VLOOKUP(A60,[1]Worksheet!$A$2:$I$423,7,0) -> 1.93 | M60: =D60*E60 -> 43.05 | N60: =F60*G60 -> 289.5 | P60: =K60+D60 -> 15 | Q60: =M60/P60 -> 2.87 | R60: =F60+K60 -> 150 | S60: =N60/R60 -> 1.93
A61: F1B112005 | B61: Andar Apriadi | C61: 20171 | D61: =VLOOKUP(A61,[1]Worksheet!$A$2:$I$423,4,0) -> 4 | E61: =VLOOKUP(A61,[1]Worksheet!$A$2:$I$423,5,0) -> 4 | F61: =VLOOKUP(A61,[1]Worksheet!$A$2:$I$423,6,0) -> 151 | G61: =VLOOKUP(A61,[1]Worksheet!$A$2:$I$423,7,0) -> 3.04 | M61: =D61*E61 -> 16 | N61: =F61*G61 -> 459.04 | P61: =K61+D61 -> 4 | Q61: =M61/P61 -> 4 | R61: =F61+K61 -> 151 | S61: =N61/R61 -> 3.04
A62: F1B112006 | B62: Arie Listianto | C62: 20171 | D62: =VLOOKUP(A62,[1]Worksheet!$A$2:$I$423,4,0) -> 4 | E62: =VLOOKUP(A62,[1]Worksheet!$A$2:$I$423,5,0) -> 0 | F62: =VLOOKUP(A62,[1]Worksheet!$A$2:$I$423,6,0) -> 178 | G62: =VLOOKUP(A62,[1]Worksheet!$A$2:$I$423,7,0) -> 2.44 | K62: 4 | M62: =D62*E62 -> 0 | N62: =F62*G62 -> 434.32 | P62: =K62+D62 -> 8 | Q62: =M62/P62 -> 0 | R62: =F62+K62 -> 182 | S62: =N62/R62 -> 2.3863736
A63: F1B112011 | B63: Cokorda Indra Darma Putra | C63: 20171 | D63: =VLOOKUP(A63,[1]Worksheet!$A$2:$I$423,4,0) -> 12 | E63: =VLOOKUP(A63,[1]Worksheet!$A$2:$I$423,5,0) -> 2.46 | F63: =VLOOKUP(A63,[1]Worksheet!$A$2:$I$423,6,0) -> 169 | G63: =VLOOKUP(A63,[1]Worksheet!$A$2:$I$423,7,0) -> 1.91 | K63: 4 | M63: =D63*E63 -> 29.52 | N63: =F63*G63 -> 322.79 | P63: =K63+D63 -> 16 | Q63: =M63/P63 -> 1.845 | R63: =F63+K63 -> 173 | S63: =N63/R63 -> 1.8658382
A64: F1B112016 | B64: Ditya Timur Aska | C64: 20171 | D64: =VLOOKUP(A64,[1]Worksheet!$A$2:$I$423,4,0) -> 2 | E64: =VLOOKUP(A64,[1]Worksheet!$A$2:$I$423,5,0) -> 3.5 | F64: =VLOOKUP(A64,[1]Worksheet!$A$2:$I$423,6,0) -> 176 | G64: =VLOOKUP(A64,[1]Worksheet!$A$2:$I$423,7,0) -> 2.8 | K64: 4 | M64: =D64*E64 -> 7 | N64: =F64*G64 -> 492.8 | P64: =K64+D64 -> 6 | Q64: =M64/P64 -> 1.1666667 | R64: =F64+K64 -> 180 | S64: =N64/R64 -> 2.7377778
A65: F1B112017 | B65: Dwinanto Romdhani | C65: 20171 | D65: =VLOOKUP(A65,[1]Worksheet!$A$2:$I$423,4,0) -> 0 | E65: =VLOOKUP(A65,[1]Worksheet!$A$2:$I$423,5,0) -> 0 | F65: =VLOOKUP(A65,[1]Worksheet!$A$2:$I$423,6,0) -> 152 | G65: =VLOOKUP(A65,[1]Worksheet!$A$2:$I$423,7,0) -> 3.17 | K65: 4 | M65: =D65*E65 -> 0 | N65: =F65*G65 -> 481.84 | P65: =K65+D65 -> 4 | Q65: =M65/P65 -> 0 | R65: =F65+K65 -> 156 | S65: =N65/R65 -> 3.0887179
A66: F1B112018 | B66: Edi Zulkarnain | C66: 20171 | D66: =VLOOKUP(A66,[1]Worksheet!$A$2:$I$423,4,0) -> 7 | E66: =VLOOKUP(A66,[1]Worksheet!$A$2:$I$423,5,0) -> 2.29 | F66: =VLOOKUP(A66,[1]Worksheet!$A$2:$I$423,6,0) -> 158 | G66: =VLOOKUP(A66,[1]Worksheet!$A$2:$I$423,7,0) -> 1.62 | K66: 2 | M66: =D66*E66 -> 16.03 | N66: =F66*G66 -> 255.96 | P66: =K66+D66 -> 9 | Q66: =M66/P66 -> 1.7811111 | R66: =F66+K66 -> 160 | S66: =N66/R66 -> 1.59975
A67: F1B112024 | B67: Frendhi Iman | C67: 20171 | D67: =VLOOKUP(A67,[1]Worksheet!$A$2:$I$423,4,0) -> 0 | E67: =VLOOKUP(A67,[1]Worksheet!$A$2:$I$423,5,0) -> 0 | F67: =VLOOKUP(A67,[1]Worksheet!$A$2:$I$423,6,0) -> 173 | G67: =VLOOKUP(A67,[1]Worksheet!$A$2:$I$423,7,0) -> 2.57 | K67: 4 | M67: =D67*E67 -> 0 | N67: =F67*G67 -> 444.61 | P67: =K67+D67 -> 4 | Q67: =M67/P67 -> 0 | R67: =F67+K67 -> 177 | S67: =N67/R67 -> 2.5119209
A68: F1B112025 | B68: Haerur Rosyid | C68: 20171 | D68: =VLOOKUP(A68,[1]Worksheet!$A$2:$I$423,4,0) -> 4 | E68: =VLOOKUP(A68,[1]Worksheet!$A$2:$I$423,5,0) -> 3.25 | F68: =VLOOKUP(A68,[1]Worksheet!$A$2:$I$423,6,0) -> 171 | G68: =VLOOKUP(A68,[1]Worksheet!$A$2:$I$423,7,0) -> 2.77 | K68: 4 | M68: =D68*E68 -> 13 | N68: =F68*G68 -> 473.67 | P68: =K68+D68 -> 8 | Q68: =M68/P68 -> 1.625 | R68: =F68+K68 -> 175 | S68: =N68/R68 -> 2.7066857
A69: F1B112026 | B69: Hartono Fiyono | C69: 20171 | D69: =VLOOKUP(A69,[1]Worksheet!$A$2:$I$423,4,0) -> 11 | E69: =VLOOKUP(A69,[1]Worksheet!$A$2:$I$423,5,0) -> 1.32 | F69: =VLOOKUP(A69,[1]Worksheet!$A$2:$I$423,6,0) -> 166 | G69: =VLOOKUP(A69,[1]Worksheet!$A$2:$I$423,7,0) -> 2.39 | K69: 4 | M69: =D69*E69 -> 14.52 | N69: =F69*G69 -> 396.74 | P69: =K69+D69 -> 15 | Q69: =M69/P69 -> 0.968 | R69: =F69+K69 -> 170 | S69: =N69/R69 -> 2.3337647
A70: F1B112027 | B70: Husni Tamrin | C70: 20171 | D70: =VLOOKUP(A70,[1]Worksheet!$A$2:$I$423,4,0) -> 3 | E70: =VLOOKUP(A70,[1]Worksheet!$A$2:$I$423,5,0) -> 1.5 | F70: =VLOOKUP(A70,[1]Worksheet!$A$2:$I$423,6,0) -> 170 | G70: =VLOOKUP(A70,[1]Worksheet!$A$2:$I$423,7,0) -> 2.31 | K70: 4 | M70: =D70*E70 -> 4.5 | N70: =F70*G70 -> 392.7 | P70: =K70+D70 -> 7 | Q70: =M70/P70 -> 0.64285714 | R70: =F70+K70 -> 174 | S70: =N70/R70 -> 2.2568966
A71: F1B112030 | B71: I Wayan Juniartha | C71: 20171 | D71: =VLOOKUP(A71,[1]Worksheet!$A$2:$I$423,4,0) -> 10 | E71: =VLOOKUP(A71,[1]Worksheet!$A$2:$I$423,5,0) -> 1.4 | F71: =VLOOKUP(A71,[1]Worksheet!$A$2:$I$423,6,0) -> 170 | G71: =VLOOKUP(A71,[1]Worksheet!$A$2:$I$423,7,0) -> 2.46 | M71: =D71*E71 -> 14 | N71: =F71*G71 -> 418.2 | P71: =K71+D71 -> 10 | Q71: =M71/P71 -> 1.4 | R71: =F71+K71 -> 170 | S71: =N71/R71 -> 2.46
A72: F1B112031 | B72: I Wayan Eka Sabda | C72: 20171 | D72: =VLOOKUP(A72,[1]Worksheet!$A$2:$I$423,4,0) -> 0 | E72: =VLOOKUP(A72,[1]Worksheet!$A$2:$I$423,5,0) -> 0 | F72: =VLOOKUP(A72,[1]Worksheet!$A$2:$I$423,6,0) -> 156 | G72: =VLOOKUP(A72,[1]Worksheet!$A$2:$I$423,7,0) -> 2.79 | K72: 4 | M72: =D72*E72 -> 0 | N72: =F72*G72 -> 435.24 | P72: =K72+D72 -> 4 | Q72: =M72/P72 -> 0 | R72: =F72+K72 -> 160 | S72: =N72/R72 -> 2.72025
A73: F1B112036 | B73: M Ali Akbar | C73: 20171 | D73: =VLOOKUP(A73,[1]Worksheet!$A$2:$I$423,4,0) -> 0 | E73: =VLOOKUP(A73,[1]Worksheet!$A$2:$I$423,5,0) -> 0 | F73: =VLOOKUP(A73,[1]Worksheet!$A$2:$I$423,6,0) -> 150 | G73: =VLOOKUP(A73,[1]Worksheet!$A$2:$I$423,7,0) -> 3.16 | K73: 4 | M73: =D73*E73 -> 0 | N73: =F73*G73 -> 474 | P73: =K73+D73 -> 4 | Q73: =M73/P73 -> 0 | R73: =F73+K73 -> 154 | S73: =N73/R73 -> 3.0779221
A74: F1B112037 | B74: Muh Idris | C74: 20171 | D74: =VLOOKUP(A74,[1]Worksheet!$A$2:$I$423,4,0) -> 4 | E74: =VLOOKUP(A74,[1]Worksheet!$A$2:$I$423,5,0) -> 3.5 | F74: =VLOOKUP(A74,[1]Worksheet!$A$2:$I$423,6,0) -> 163 | G74: =VLOOKUP(A74,[1]Worksheet!$A$2:$I$423,7,0) -> 2.68 | M74: =D74*E74 -> 14 | N74: =F74*G74 -> 436.84 | P74: =K74+D74 -> 4 | Q74: =M74/P74 -> 3.5 | R74: =F74+K74 -> 163 | S74: =N74/R74 -> 2.68
A75: F1B112042 | B75: Muhammad Satriawan A | C75: 20171 | D75: =VLOOKUP(A75,[1]Worksheet!$A$2:$I$423,4,0) -> 17 | E75: =VLOOKUP(A75,[1]Worksheet!$A$2:$I$423,5,0) -> 2.74 | F75: =VLOOKUP(A75,[1]Worksheet!$A$2:$I$423,6,0) -> 180 | G75: =VLOOKUP(A75,[1]Worksheet!$A$2:$I$423,7,0) -> 2.41 | K75: 4 | M75: =D75*E75 -> 46.58 | N75: =F75*G75 -> 433.8 | P75: =K75+D75 -> 21 | Q75: =M75/P75 -> 2.2180952 | R75: =F75+K75 -> 184 | S75: =N75/R75 -> 2.3576087
A76: F1B112051 | B76: Teguh Agamawan Putra | C76: 20171 | D76: =VLOOKUP(A76,[1]Worksheet!$A$2:$I$423,4,0) -> 13 | E76: =VLOOKUP(A76,[1]Worksheet!$A$2:$I$423,5,0) -> 2.88 | F76: =VLOOKUP(A76,[1]Worksheet!$A$2:$I$423,6,0) -> 161 | G76: =VLOOKUP(A76,[1]Worksheet!$A$2:$I$423,7,0) -> 2.15 | M76: =D76*E76 -> 37.44 | N76: =F76*G76 -> 346.15 | P76: =K76+D76 -> 13 | Q76: =M76/P76 -> 2.88 | R76: =F76+K76 -> 161 | S76: =N76/R76 -> 2.15
A77: F1B113001 | B77: ADAM VERGIAN B | C77: 20171 | D77: =VLOOKUP(A77,[1]Worksheet!$A$2:$I$423,4,0) -> 19 | E77: =VLOOKUP(A77,[1]Worksheet!$A$2:$I$423,5,0) -> 1.87 | F77: =VLOOKUP(A77,[1]Worksheet!$A$2:$I$423,6,0) -> 154 | G77: =VLOOKUP(A77,[1]Worksheet!$A$2:$I$423,7,0) -> 2.44 | M77: =D77*E77 -> 35.53 | N77: =F77*G77 -> 375.76 | P77: =K77+D77 -> 19 | Q77: =M77/P77 -> 1.87 | R77: =F77+K77 -> 154 | S77: =N77/R77 -> 2.44
A78: F1B113002 | B78: AHMAD FAJRI AULIA | C78: 20171 | D78: =VLOOKUP(A78,[1]Worksheet!$A$2:$I$423,4,0) -> 3 | E78: =VLOOKUP(A78,[1]Worksheet!$A$2:$I$423,5,0) -> 2.5 | F78: =VLOOKUP(A78,[1]Worksheet!$A$2:$I$423,6,0) -> 156 | G78: =VLOOKUP(A78,[1]Worksheet!$A$2:$I$423,7,0) -> 2.97 | K78: 4 | M78: =D78*E78 -> 7.5 | N78: =F78*G78 -> 463.32 | P78: =K78+D78 -> 7 | Q78: =M78/P78 -> 1.0714286 | R78: =F78+K78 -> 160 | S78: =N78/R78 -> 2.89575
A79: F1B113006 | B79: ELAN CRIYANTO | C79: 20171 | D79: =VLOOKUP(A79,[1]Worksheet!$A$2:$I$423,4,0) -> 4 | E79: =VLOOKUP(A79,[1]Worksheet!$A$2:$I$423,5,0) -> 1.5 | F79: =VLOOKUP(A79,[1]Worksheet!$A$2:$I$423,6,0) -> 154 | G79: =VLOOKUP(A79,[1]Worksheet!$A$2:$I$423,7,0) -> 3.12 | K79: 4 | M79: =D79*E79 -> 6 | N79: =F79*G79 -> 480.48 | P79: =K79+D79 -> 8 | Q79: =M79/P79 -> 0.75 | R79: =F79+K79 -> 158 | S79: =N79/R79 -> 3.0410127
A80: F1B113011 | B80: HAFIDZOH | C80: 20171 | D80: =VLOOKUP(A80,[1]Worksheet!$A$2:$I$423,4,0) -> 0 | E80: =VLOOKUP(A80,[1]Worksheet!$A$2:$I$423,5,0) -> 0 | F80: =VLOOKUP(A80,[1]Worksheet!$A$2:$I$423,6,0) -> 144 | G80: =VLOOKUP(A80,[1]Worksheet!$A$2:$I$423,7,0) -> 3.26 | K80: 4 | M80: =D80*E80 -> 0 | N80: =F80*G80 -> 469.44 | P80: =K80+D80 -> 4 | Q80: =M80/P80 -> 0 | R80: =F80+K80 -> 148 | S80: =N80/R80 -> 3.1718919
A81: F1B113013 | B81: I NENGAH AGUS YOGI A | C81: 20171 | D81: =VLOOKUP(A81,[1]Worksheet!$A$2:$I$423,4,0) -> 15 | E81: =VLOOKUP(A81,[1]Worksheet!$A$2:$I$423,5,0) -> 2.9 | F81: =VLOOKUP(A81,[1]Worksheet!$A$2:$I$423,6,0) -> 155 | G81: =VLOOKUP(A81,[1]Worksheet!$A$2:$I$423,7,0) -> 2.71 | K81: 2 | M81: =D81*E81 -> 43.5 | N81: =F81*G81 -> 420.05 | P81: =K81+D81 -> 17 | Q81: =M81/P81 -> 2.5588235 | R81: =F81+K81 -> 157 | S81: =N81/R81 -> 2.6754777
A82: F1B113015 | B82: IMAM RAHMATULLAH S | C82: 20171 | D82: =VLOOKUP(A82,[1]Worksheet!$A$2:$I$423,4,0) -> 19 | E82: =VLOOKUP(A82,[1]Worksheet!$A$2:$I$423,5,0) -> 2.16 | F82: =VLOOKUP(A82,[1]Worksheet!$A$2:$I$423,6,0) -> 146 | G82: =VLOOKUP(A82,[1]Worksheet!$A$2:$I$423,7,0) -> 2.09 | M82: =D82*E82 -> 41.04 | N82: =F82*G82 -> 305.14 | P82: =K82+D82 -> 19 | Q82: =M82/P82 -> 2.16 | R82: =F82+K82 -> 146 | S82: =N82/R82 -> 2.09
A83: F1B113016 | B83: JUZI SYUKRAN | C83: 20171 | D83: =VLOOKUP(A83,[1]Worksheet!$A$2:$I$423,4,0) -> 12 | E83: =VLOOKUP(A83,[1]Worksheet!$A$2:$I$423,5,0) -> 3.21 | F83: =VLOOKUP(A83,[1]Worksheet!$A$2:$I$423,6,0) -> 162 | G83: =VLOOKUP(A83,[1]Worksheet!$A$2:$I$423,7,0) -> 2.78 | M83: =D83*E83 -> 38.52 | N83: =F83*G83 -> 450.36 | P83: =K83+D83 -> 12 | Q83: =M83/P83 -> 3.21 | R83: =F83+K83 -> 162 | S83: =N83/R83 -> 2.78
A84: F1B113021 | B84: LALU MUHAMMAD IBNU N | C84: 20171 | D84: =VLOOKUP(A84,[1]Worksheet!$A$2:$I$423,4,0) -> 17 | E84: =VLOOKUP(A84,[1]Worksheet!$A$2:$I$423,5,0) -> 2.88 | F84: =VLOOKUP(A84,[1]Worksheet!$A$2:$I$423,6,0) -> 162 | G84: =VLOOKUP(A84,[1]Worksheet!$A$2:$I$423,7,0) -> 2.71 | M84: =D84*E84 -> 48.96 | N84: =F84*G84 -> 439.02 | P84: =K84+D84 -> 17 | Q84: =M84/P84 -> 2.88 | R84: =F84+K84 -> 162 | S84: =N84/R84 -> 2.71
A85: F1B113022 | B85: LAZARUS CHRISTIAN P | C85: 20171 | D85: =VLOOKUP(A85,[1]Worksheet!$A$2:$I$423,4,0) -> 10 | E85: =VLOOKUP(A85,[1]Worksheet!$A$2:$I$423,5,0) -> 2.65 | F85: =VLOOKUP(A85,[1]Worksheet!$A$2:$I$423,6,0) -> 108 | G85: =VLOOKUP(A85,[1]Worksheet!$A$2:$I$423,7,0) -> 1.58 | M85: =D85*E85 -> 26.5 | N85: =F85*G85 -> 170.64 | P85: =K85+D85 -> 10 | Q85: =M85/P85 -> 2.65 | R85: =F85+K85 -> 108 | S85: =N85/R85 -> 1.58
A86: F1B113024 | B86: MARATUS SOLEHA | C86: 20171 | D86: =VLOOKUP(A86,[1]Worksheet!$A$2:$I$423,4,0) -> 2 | E86: =VLOOKUP(A86,[1]Worksheet!$A$2:$I$423,5,0) -> 0 | F86: =VLOOKUP(A86,[1]Worksheet!$A$2:$I$423,6,0) -> 156 | G86: =VLOOKUP(A86,[1]Worksheet!$A$2:$I$423,7,0) -> 2.65 | K86: 4 | M86: =D86*E86 -> 0 | N86: =F86*G86 -> 413.4 | P86: =K86+D86 -> 6 | Q86: =M86/P86 -> 0 | R86: =F86+K86 -> 160 | S86: =N86/R86 -> 2.58375
A87: F1B113026 | B87: MUHAMAD ARDI RAHMAN | C87: 20171 | D87: =VLOOKUP(A87,[1]Worksheet!$A$2:$I$423,4,0) -> 12 | E87: =VLOOKUP(A87,[1]Worksheet!$A$2:$I$423,5,0) -> 3.13 | F87: =VLOOKUP(A87,[1]Worksheet!$A$2:$I$423,6,0) -> 158 | G87: =VLOOKUP(A87,[1]Worksheet!$A$2:$I$423,7,0) -> 2.79 | M87: =D87*E87 -> 37.56 | N87: =F87*G87 -> 440.82 | P87: =K87+D87 -> 12 | Q87: =M87/P87 -> 3.13 | R87: =F87+K87 -> 158 | S87: =N87/R87 -> 2.79
A88: F1B113028 | B88: PUGUH DWI ANTARA | C88: 20171 | D88: =VLOOKUP(A88,[1]Worksheet!$A$2:$I$423,4,0) -> 19 | E88: =VLOOKUP(A88,[1]Worksheet!$A$2:$I$423,5,0) -> 2.5 | F88: =VLOOKUP(A88,[1]Worksheet!$A$2:$I$423,6,0) -> 158 | G88: =VLOOKUP(A88,[1]Worksheet!$A$2:$I$423,7,0) -> 2.27 | M88: =D88*E88 -> 47.5 | N88: =F88*G88 -> 358.66 | P88: =K88+D88 -> 19 | Q88: =M88/P88 -> 2.5 | R88: =F88+K88 -> 158 | S88: =N88/R88 -> 2.27
A89: F1B113029 | B89: RANGGA FAJAR MAULANA | C89: 20171 | D89: =VLOOKUP(A89,[1]Worksheet!$A$2:$I$423,4,0) -> 21 | E89: =VLOOKUP(A89,[1]Worksheet!$A$2:$I$423,5,0) -> 2.98 | F89: =VLOOKUP(A89,[1]Worksheet!$A$2:$I$423,6,0) -> 164 | G89: =VLOOKUP(A89,[1]Worksheet!$A$2:$I$423,7,0) -> 2.47 | M89: =D89*E89 -> 62.58 | N89: =F89*G89 -> 405.08 | P89: =K89+D89 -> 21 | Q89: =M89/P89 -> 2.98 | R89: =F89+K89 -> 164 | S89: =N89/R89 -> 2.47
A90: F1B113030 | B90: RIZAL ADI SAPUTRA | C90: 20171 | D90: =VLOOKUP(A90,[1]Worksheet!$A$2:$I$423,4,0) -> 21 | E90: =VLOOKUP(A90,[1]Worksheet!$A$2:$I$423,5,0) -> 3.12 | F90: =VLOOKUP(A90,[1]Worksheet!$A$2:$I$423,6,0) -> 168 | G90: =VLOOKUP(A90,[1]Worksheet!$A$2:$I$423,7,0) -> 2.81 | M90: =D90*E90 -> 65.52 | N90: =F90*G90 -> 472.08 | P90: =K90+D90 -> 21 | Q90: =M90/P90 -> 3.12 | R90: =F90+K90 -> 168 | S90: =N90/R90 -> 2.81
A91: F1B113031 | B91: SADIQ RAMADHOAN | C91: 20171 | D91: =VLOOKUP(A91,[1]Worksheet!$A$2:$I$423,4,0) -> 23 | E91: =VLOOKUP(A91,[1]Worksheet!$A$2:$I$423,5,0) -> 1.72 | F91: =VLOOKUP(A91,[1]Worksheet!$A$2:$I$423,6,0) -> 166 | G91: =VLOOKUP(A91,[1]Worksheet!$A$2:$I$423,7,0) -> 2.36 | M91: =D91*E91 -> 39.56 | N91: =F91*G91 -> 391.76 | P91: =K91+D91 -> 23 | Q91: =M91/P91 -> 1.72 | R91: =F91+K91 -> 166 | S91: =N91/R91 -> 2.36
A92: F1B113032 | B92: SAMSUL AZWARI | C92: 20171 | D92: =VLOOKUP(A92,[1]Worksheet!$A$2:$I$423,4,0) -> 20 | E92: =VLOOKUP(A92,[1]Worksheet!$A$2:$I$423,5,0) -> 2.7 | F92: =VLOOKUP(A92,[1]Worksheet!$A$2:$I$423,6,0) -> 169 | G92: =VLOOKUP(A92,[1]Worksheet!$A$2:$I$423,7,0) -> 2.52 | M92: =D92*E92 -> 54 | N92: =F92*G92 -> 425.88 | P92: =K92+D92 -> 20 | Q92: =M92/P92 -> 2.7 | R92: =F92+K92 -> 169 | S92: =N92/R92 -> 2.52
A93: F1B113033 | B93: SERLY MARLINA | C93: 20171 | D93: =VLOOKUP(A93,[1]Worksheet!$A$2:$I$423,4,0) -> 7 | E93: =VLOOKUP(A93,[1]Worksheet!$A$2:$I$423,5,0) -> 2.71 | F93: =VLOOKUP(A93,[1]Worksheet!$A$2:$I$423,6,0) -> 152 | G93: =VLOOKUP(A93,[1]Worksheet!$A$2:$I$423,7,0) -> 2.92 | K93: 4 | M93: =D93*E93 -> 18.97 | N93: =F93*G93 -> 443.84 | P93: =K93+D93 -> 11 | Q93: =M93/P93 -> 1.7245455 | R93: =F93+K93 -> 156 | S93: =N93/R93 -> 2.8451282
A94: F1B113034 | B94: SHIR AJIE ASMORO | C94: 20171 | D94: =VLOOKUP(A94,[1]Worksheet!$A$2:$I$423,4,0) -> 20 | E94: =VLOOKUP(A94,[1]Worksheet!$A$2:$I$423,5,0) -> 2.8 | F94: =VLOOKUP(A94,[1]Worksheet!$A$2:$I$423,6,0) -> 154 | G94: =VLOOKUP(A94,[1]Worksheet!$A$2:$I$423,7,0) -> 2.19 | M94: =D94*E94 -> 56 | N94: =F94*G94 -> 337.26 | P94: =K94+D94 -> 20 | Q94: =M94/P94 -> 2.8 | R94: =F94+K94 -> 154 | S94: =N94/R94 -> 2.19
A95: F1B113037 | B95: ULUL AZMI | C95: 20171 | D95: =VLOOKUP(A95,[1]Worksheet!$A$2:$I$423,4,0) -> 12 | E95: =VLOOKUP(A95,[1]Worksheet!$A$2:$I$423,5,0) -> 3.46 | F95: =VLOOKUP(A95,[1]Worksheet!$A$2:$I$423,6,0) -> 155 | G95: =VLOOKUP(A95,[1]Worksheet!$A$2:$I$423,7,0) -> 2.94 | K95: 2 | M95: =D95*E95 -> 41.52 | N95: =F95*G95 -> 455.7 | P95: =K95+D95 -> 14 | Q95: =M95/P95 -> 2.9657143 | R95: =F95+K95 -> 157 | S95: =N95/R95 -> 2.9025478
A96: F1B114001 | B96: ADI PURNA | C96: 20171 | D96: =VLOOKUP(A96,[1]Worksheet!$A$2:$I$423,4,0) -> 22 | E96: =VLOOKUP(A96,[1]Worksheet!$A$2:$I$423,5,0) -> 3.18 | F96: =VLOOKUP(A96,[1]Worksheet!$A$2:$I$423,6,0) -> 141 | G96: =VLOOKUP(A96,[1]Worksheet!$A$2:$I$423,7,0) -> 2.68 | M96: =D96*E96 -> 69.96 | N96: =F96*G96 -> 377.88 | P96: =K96+D96 -> 22 | Q96: =M96/P96 -> 3.18 | R96: =F96+K96 -> 141 | S96: =N96/R96 -> 2.68
A97: F1B114003 | B97: AGUS SUPANDI | C97: 20171 | D97: =VLOOKUP(A97,[1]Worksheet!$A$2:$I$423,4,0) -> 20 | E97: =VLOOKUP(A97,[1]Worksheet!$A$2:$I$423,5,0) -> 3.23 | F97: =VLOOKUP(A97,[1]Worksheet!$A$2:$I$423,6,0) -> 134 | G97: =VLOOKUP(A97,[1]Worksheet!$A$2:$I$423,7,0) -> 2.75 | M97: =D97*E97 -> 64.6 | N97: =F97*G97 -> 368.5 | P97: =K97+D97 -> 20 | Q97: =M97/P97 -> 3.23 | R97: =F97+K97 -> 134 | S97: =N97/R97 -> 2.75
A98: F1B114004 | B98: AKHMAD AKHIR BULAN | C98: 20171 | D98: =VLOOKUP(A98,[1]Worksheet!$A$2:$I$423,4,0) -> 23 | E98: =VLOOKUP(A98,[1]Worksheet!$A$2:$I$423,5,0) -> 2.28 | F98: =VLOOKUP(A98,[1]Worksheet!$A$2:$I$423,6,0) -> 133 | G98: =VLOOKUP(A98,[1]Worksheet!$A$2:$I$423,7,0) -> 2.36 | M98: =D98*E98 -> 52.44 | N98: =F98*G98 -> 313.88 | P98: =K98+D98 -> 23 | Q98: =M98/P98 -> 2.28 | R98: =F98+K98 -> 133 | S98: =N98/R98 -> 2.36
A99: F1B114006 | B99: BAYU RAMADHAN | C99: 20171 | D99: =VLOOKUP(A99,[1]Worksheet!$A$2:$I$423,4,0) -> 14 | E99: =VLOOKUP(A99,[1]Worksheet!$A$2:$I$423,5,0) -> 3.36 | F99: =VLOOKUP(A99,[1]Worksheet!$A$2:$I$423,6,0) -> 140 | G99: =VLOOKUP(A99,[1]Worksheet!$A$2:$I$423,7,0) -> 3.01 | M99: =D99*E99 -> 47.04 | N99: =F99*G99 -> 421.4 | P99: =K99+D99 -> 14 | Q99: =M99/P99 -> 3.36 | R99: =F99+K99 -> 140 | S99: =N99/R99 -> 3.01
A100: F1B114007 | B100: BIJE SYIAPRIADI D | C100: 20171 | D100: =VLOOKUP(A100,[1]Worksheet!$A$2:$I$423,4,0) -> 19 | E100: =VLOOKUP(A100,[1]Worksheet!$A$2:$I$423,5,0) -> 2.47 | F100: =VLOOKUP(A100,[1]Worksheet!$A$2:$I$423,6,0) -> 131 | G100: =VLOOKUP(A100,[1]Worksheet!$A$2:$I$423,7,0) -> 2.43 | K100: 4 | M100: =D100*E100 -> 46.93 | N100: =F100*G100 -> 318.33 | P100: =K100+D100 -> 23 | Q100: =M100/P100 -> 2.0404348 | R100: =F100+K100 -> 135 | S100: =N100/R100 -> 2.358
...

Sheet nILAI T
A2: F1B110010 | B2: GHAZI AKBAR | C2: ES4143 | D2: PRAKTEK KERJA LAPANGAN | E2: 20171 | F2: S | G2: T | L2: F1B110010 | M2: GHAZI AKBAR | N2: 6
A3: F1B110010 | B3: GHAZI AKBAR | C3: ES4248 | D3: TUGAS AKHIR | E3: 20171 | F3: S | G3: T | L3: F1B110018 | M3: SAMSUL HADI | N3: 4
A4: F1B110018 | B4: SAMSUL HADI | C4: ES4248 | D4: TUGAS AKHIR | E4: 20171 | F4: S | G4: T | L4: F1B110068 | M4: SUPARLAN ARDYANSYAH | N4: 6
A5: F1B110068 | B5: SUPARLAN ARDYANSYAH | C5: ES4143 | D5: PRAKTEK KERJA LAPANGAN | E5: 20171 | F5: S | G5: T | L5: F1B110076 | M5: LALU ARDYPATI | N5: 4
A6: F1B110068 | B6: SUPARLAN ARDYANSYAH | C6: ES4248 | D6: TUGAS AKHIR | E6: 20171 | F6: S | G6: T | L6: F1B111002 | M6: Agus Budi Nurcahyono | N6: 4
A7: F1B110076 | B7: LALU ARDYPATI | C7: ES4248 | D7: TUGAS AKHIR | E7: 20171 | F7: S | G7: T | L7: F1B111006 | M7: Alfan Aditya | N7: 4
A8: F1B111002 | B8: Agus Budi Nurcahyono | C8: ES4248 | D8: TUGAS AKHIR | E8: 20171 | F8: S | G8: T | L8: F1B111007 | M8: Andika Nugraha | N8: 4
A9: F1B111006 | B9: Alfan Aditya | C9: ES4248 | D9: TUGAS AKHIR | E9: 20171 | F9: S | G9: T | L9: F1B111008 | M9: Arif Hidayatullah | N9: 4
A10: F1B111007 | B10: Andika Nugraha | C10: ES4248 | D10: TUGAS AKHIR | E10: 20171 | F10: S | G10: T | L10: F1B111021 | M10: Haerurrozi | N10: 4
A11: F1B111008 | B11: Arif Hidayatullah | C11: ES4248 | D11: TUGAS AKHIR | E11: 20171 | F11: S | G11: T | L11: F1B111027 | M11: I Made Sulastra | N11: 4
A12: F1B111021 | B12: Haerurrozi | C12: ES4248 | D12: TUGAS AKHIR | E12: 20171 | F12: S | G12: T | L12: F1B111030 | M12: Islahudin | N12: 9
A13: F1B111027 | B13: I Made Sulastra | C13: ES4248 | D13: TUGAS AKHIR | E13: 20171 | F13: S | G13: T | L13: F1B111033 | M13: Jumait | N13: 4
... A61: F1B114018 | B61: I GUSTI BAGUS HENDRA PRADIPTA | C61: ES4245 | D61: KULIAH KERJA NYATA (KKN) | E61: 20171 | F61: S | G61: T | L61: F1B116006 | M61: HAQRULLOH | N61: 1
A62: F1B114022 | B62: JUWITA ASRI | C62: ES4245 | D62: KULIAH KERJA NYATA (KKN) | E62: 20171 | F62: S | G62: T
A63: F1B114027 | B63: MUHAMMAD FEBRIAN RAMADAN | C63: ES4245 | D63: KULIAH KERJA NYATA (KKN) | E63: 20171 | F63: S | G63: T
A64: F1B114030 | B64: PUTRA RAHMAT RAMADAN | C64: ES4245 | D64: KULIAH KERJA NYATA (KKN) | E64: 20171 | F64: S | G64: T
A65: F1B115019 | B65: Jumriati | C65: EA3103 | D65: PEMBANGKIT TENAGA LISTRIK | E65: 20171 | F65: S | G65: T
A66: F1B116003 | B66: DONI PRANATA | C66: ES2123 | D66: PRAKTIKUM PENGUKURAN BESARAN LISTRIK | E66: 20171 | F66: S | G66: T
A67: F1B116006 | B67: HAQRULLOH | C67: ES2123 | D67: PRAKTIKUM PENGUKURAN BESARAN LISTRIK | E67: 20171 | F67: S | G67: T

Sheet rEKAP kls MK
A2: =VLOOKUP(B2,[2]Sheet1!$D$5:$L$185,9,0) -> ES1215 | B2: ALGORITMA DAN PEMROGRAMAN | C2: S | D2: =COUNTIF(Worksheet!$D$2:$D$1267,B2) -> 38 | E2: 7 | F2: =VLOOKUP(E2,[3]Sheet2!$A$6:$F$43,4,0) -> 0005106805 | G2: =VLOOKUP(E2,[3]Sheet2!$A$6:$F$43,6,0) -> Misbahuddin, ST., MT. | H2: 1 | I2: =VLOOKUP(A2,Worksheet!$C$2:$D$1267,2,0) -> ALGORITMA DAN PEMROGRAMAN | J2: =IF(B2=I2,1,0) -> 1
A3: =VLOOKUP(B3,[2]Sheet1!$D$5:$L$185,9,0) -> EA3101 | B3: ANALISA SISTEM TENAGA I | C3: S | D3: =COUNTIF(Worksheet!$D$2:$D$1267,B3) -> 10 | E3: 24 | F3: =VLOOKUP(E3,[3]Sheet2!$A$6:$F$43,4,0) -> 0004047303 | G3: =VLOOKUP(E3,[3]Sheet2!$A$6:$F$43,6,0) -> I Made Ari Nrartha, ST., MT. | H3: =H2+1 -> 2 | I3: =VLOOKUP(A3,Worksheet!$C$2:$D$1267,2,0) -> ANALISA SISTEM TENAGA I | J3: =IF(B3=I3,1,0) -> 1
A4: =VLOOKUP(B4,[2]Sheet1!$D$5:$L$185,9,0) -> ED3102 | B4: BASIS DATA | C4: S | D4: =COUNTIF(Worksheet!$D$2:$D$1267,B4) -> 16 | E4: 35 | F4: =VLOOKUP(E4,[3]Sheet2!$A$6:$F$43,4,0) -> 0010038303 | G4: =VLOOKUP(E4,[3]Sheet2!$A$6:$F$43,6,0) -> L. A. Syamsul Irfan Akbar, ST., M.Eng. | H4: =H3+1 -> 3 | I4: =VLOOKUP(A4,Worksheet!$C$2:$D$1267,2,0) -> BASIS DATA | J4: =IF(B4=I4,1,0) -> 1
A5: =VLOOKUP(B5,[2]Sheet1!$D$5:$L$185,9,0) -> ES2124 | B5: DASAR ELEKTRONIKA | C5: S | D5: =COUNTIF(Worksheet!$D$2:$D$1267,B5) -> 35 | E5: 26 | F5: =VLOOKUP(E5,[3]Sheet2!$A$6:$F$43,4,0) -> 0023077104 | G5: =VLOOKUP(E5,[3]Sheet2!$A$6:$F$43,6,0) -> Paniran, ST., MT. | H5: =H4+1 -> 4 | I5: =VLOOKUP(A5,Worksheet!$C$2:$D$1267,2,0) -> DASAR ELEKTRONIKA | J5: =IF(B5=I5,1,0) -> 1
A6: =VLOOKUP(B6,[2]Sheet1!$D$5:$L$185,9,0) -> ES1108 | B6: DASAR TEKNOLOGI INFORMASI | C6: S | D6: =COUNTIF(Worksheet!$D$2:$D$1267,B6) -> 38 | E6: 35 | F6: =VLOOKUP(E6,[3]Sheet2!$A$6:$F$43,4,0) -> 0010038303 | G6: =VLOOKUP(E6,[3]Sheet2!$A$6:$F$43,6,0) -> L. A. Syamsul Irfan Akbar, ST., M.Eng. | H6: =H5+1 -> 5 | I6: =VLOOKUP(A6,Worksheet!$C$2:$D$1267,2,0) -> DASAR TEKNOLOGI INFORMASI | J6: =IF(B6=I6,1,0) -> 1
A7: =VLOOKUP(B7,[2]Sheet1!$D$5:$L$185,9,0) -> ES2125 | B7: DASAR TENAGA LISTRIK | C7: S | D7: =COUNTIF(Worksheet!$D$2:$D$1267,B7) -> 33 | E7: 12 | F7: =VLOOKUP(E7,[3]Sheet2!$A$6:$F$43,4,0) -> 0026027405 | G7: =VLOOKUP(E7,[3]Sheet2!$A$6:$F$43,6,0) -> Ida Bagus Fery Citarsa, ST., MT. | H7: =H6+1 -> 6 | I7: =VLOOKUP(A7,Worksheet!$C$2:$D$1267,2,0) -> DASAR TENAGA LISTRIK | J7: =IF(B7=I7,1,0) -> 1
A8: =VLOOKUP(B8,[2]Sheet1!$D$5:$L$185,9,0) -> ES2125 | B8: DASAR TENAGA LISTRIK | C8: S | D8: =COUNTIF(Worksheet!$D$2:$D$1267,B8) -> 33 | E8: 13 | F8: =VLOOKUP(E8,[3]Sheet2!$A$6:$F$43,4,0) -> 0011027105 | G8: =VLOOKUP(E8,[3]Sheet2!$A$6:$F$43,6,0) -> Agung Budi Muljono, ST., MT. | H8: =H7+1 -> 7 | I8: =VLOOKUP(A8,Worksheet!$C$2:$D$1267,2,0) -> DASAR TENAGA LISTRIK | J8: =IF(B8=I8,1,0) -> 1
A9: =VLOOKUP(B9,[2]Sheet1!$D$5:$L$185,9,0) -> ES2233 | B9: EKONOMI TEKNIK | C9: S | D9: =COUNTIF(Worksheet!$D$2:$D$1267,B9) -> 22 | E9: 5 | F9: =VLOOKUP(E9,[3]Sheet2!$A$6:$F$43,4,0) -> 0031126704 | G9: =VLOOKUP(E9,[3]Sheet2!$A$6:$F$43,6,0) -> Sultan, ST., MT. | H9: =H8+1 -> 8 | I9: =VLOOKUP(A9,Worksheet!$C$2:$D$1267,2,0) -> EKONOMI TEKNIK | J9: =IF(B9=I9,1,0) -> 1
A10: =VLOOKUP(B10,[2]Sheet1!$D$5:$L$185,9,0) -> ES2233 | B10: EKONOMI TEKNIK | C10: S | D10: =COUNTIF(Worksheet!$D$2:$D$1267,B10) -> 22 | E10: 10 | F10: =VLOOKUP(E10,[3]Sheet2!$A$6:$F$43,4,0) -> 0023087003 | G10: =VLOOKUP(E10,[3]Sheet2!$A$6:$F$43,6,0) -> Dr. Ida Ayu Sri Adnyani, ST., MErg. | H10: =H9+1 -> 9 | I10: =VLOOKUP(A10,Worksheet!$C$2:$D$1267,2,0) -> EKONOMI TEKNIK | J10: =IF(B10=I10,1,0) -> 1
A11: =VLOOKUP(B11,[2]Sheet1!$D$5:$L$185,9,0) -> EA4115 | B11: ELEKTRONIKA DAYA | C11: S | D11: =COUNTIF(Worksheet!$D$2:$D$1267,B11) -> 8 | E11: 8 | F11: =VLOOKUP(E11,[3]Sheet2!$A$6:$F$43,4,0) -> 0008097004 | G11: =VLOOKUP(E11,[3]Sheet2!$A$6:$F$43,6,0) -> I Nyoman Wahyu S., ST., M.Sc., Ph.D. | H11: =H10+1 -> 10 | I11: =VLOOKUP(A11,Worksheet!$C$2:$D$1267,2,0) -> ELEKTRONIKA DAYA | J11: =IF(B11=I11,1,0) -> 1
A12: =VLOOKUP(B12,[2]Sheet1!$D$5:$L$185,9,0) -> EA4004 | B12: KECERDASAN BUATAN DALAM STL | C12: S | D12: =COUNTIF(Worksheet!$D$2:$D$1267,B12) -> 12 | E12: 14 | F12: =VLOOKUP(E12,[3]Sheet2!$A$6:$F$43,4,0) -> 0009057201 | G12: =VLOOKUP(E12,[3]Sheet2!$A$6:$F$43,6,0) -> Abdul Natsir, ST., MT. | H12: =H11+1 -> 11 | I12: =VLOOKUP(A12,Worksheet!$C$2:$D$1267,2,0) -> KECERDASAN BUATAN DALAM STL | J12: =IF(B12=I12,1,0) -> 1
A13: =VLOOKUP(B13,[2]Sheet1!$D$5:$L$185,9,0) -> EA4112 | B13: MANAJEMEN OPERASI SISTEM TENAGA | C13: S | D13: =COUNTIF(Worksheet!$D$2:$D$1267,B13) -> 12 | E13: 24 | F13: =VLOOKUP(E13,[3]Sheet2!$A$6:$F$43,4,0) -> 0004047303 | G13: =VLOOKUP(E13,[3]Sheet2!$A$6:$F$43,6,0) -> I Made Ari Nrartha, ST., MT. | H13: =H12+1 -> 12 | I13: =VLOOKUP(A13,Worksheet!$C$2:$D$1267,2,0) -> MANAJEMEN OPERASI SISTEM TENAGA | J13: =IF(B13=I13,1,0) -> 1
A14: =VLOOKUP(B14,[2]Sheet1!$D$5:$L$185,9,0) -> ED3101 | B14: MATEMATIKA DISKRIT | C14: S | D14: =COUNTIF(Worksheet!$D$2:$D$1267,B14) -> 15 | E14: 7 | F14: =VLOOKUP(E14,[3]Sheet2!$A$6:$F$43,4,0) -> 0005106805 | G14: =VLOOKUP(E14,[3]Sheet2!$A$6:$F$43,6,0) -> Misbahuddin, ST., MT. | H14: =H13+1 -> 13 | I14: =VLOOKUP(A14,Worksheet!$C$2:$D$1267,2,0) -> MATEMATIKA DISKRIT | J14: =IF(B14=I14,1,0) -> 1
... A35: =VLOOKUP(B35,[2]Sheet1!$D$5:$L$185,9,0) -> EA3104 | B35: TRANSMISI TENAGA LISTRIK | C35: S | D35: =COUNTIF(Worksheet!$D$2:$D$1267,B35) -> 11 | E35: 13 | F35: =VLOOKUP(E35,[3]Sheet2!$A$6:$F$43,4,0) -> 0011027105 | G35: =VLOOKUP(E35,[3]Sheet2!$A$6:$F$43,6,0) -> Agung Budi Muljono, ST., MT. | H35: =H34+1 -> 34 | I35: =VLOOKUP(A35,Worksheet!$C$2:$D$1267,2,0) -> TRANSMISI TENAGA LISTRIK | J35: =IF(B35=I35,1,0) -> 1
A36: =VLOOKUP(B36,[2]Sheet1!$D$5:$L$185,9,0) -> ED4013 | B36: TEKNIK NEURO FUZZY | C36: P | D36: =COUNTIF(Worksheet!$D$2:$D$1267,B36) -> 4 | I36: =VLOOKUP(A36,Worksheet!$C$2:$D$1267,2,0) -> TEKNIK NEURO FUZZY | J36: =IF(B36=I36,1,0) -> 1
A37: =VLOOKUP(B37,[2]Sheet1!$D$5:$L$185,9,0) -> EA4002 | B37: GEJALA MEDAN TINGGI | C37: P | D37: =COUNTIF(Worksheet!$D$2:$D$1267,B37) -> 3 | I37: =VLOOKUP(A37,Worksheet!$C$2:$D$1267,2,0) -> GEJALA MEDAN TINGGI | J37: =IF(B37=I37,1,0) -> 1
A38: =VLOOKUP(B38,[2]Sheet1!$D$5:$L$185,9,0) -> EB4115 | B38: TEKNIK KENDALI DIGITAL | C38: P | D38: =COUNTIF(Worksheet!$D$2:$D$1267,B38) -> 3 | I38: =VLOOKUP(A38,Worksheet!$C$2:$D$1267,2,0) -> TEKNIK KENDALI DIGITAL | J38: =IF(B38=I38,1,0) -> 1
A39: =VLOOKUP(B39,[2]Sheet1!$D$5:$L$185,9,0) -> EB3103 | B39: ELEKTRONIKA DIGITAL | C39: P | D39: =COUNTIF(Worksheet!$D$2:$D$1267,B39) -> 2 | I39: =VLOOKUP(A39,Worksheet!$C$2:$D$1267,2,0) -> ELEKTRONIKA DIGITAL | J39: =IF(B39=I39,1,0) -> 1
A40: =VLOOKUP(B40,[2]Sheet1!$D$5:$L$185,9,0) -> EB4112 | B40: PERANCANGAN SISTEM ELEKTRONIKA | C40: P | D40: =COUNTIF(Worksheet!$D$2:$D$1267,B40) -> 2 | I40: =VLOOKUP(A40,Worksheet!$C$2:$D$1267,2,0) -> PERANCANGAN SISTEM ELEKTRONIKA | J40: =IF(B40=I40,1,0) -> 1
A41: =VLOOKUP(B41,[2]Sheet1!$D$5:$L$185,9,0) -> EB3105 | B41: ELEKTRONIKA ANALOG | C41: P | D41: =COUNTIF(Worksheet!$D$2:$D$1267,B41) -> 1 | I41: =VLOOKUP(A41,Worksheet!$C$2:$D$1267,2,0) -> ELEKTRONIKA ANALOG | J41: =IF(B41=I41,1,0) -> 1
A42: =VLOOKUP(B42,[2]Sheet1!$D$5:$L$185,9,0) -> EB4003 | B42: JARINGAN SYARAF TIRUAN | C42: P | D42: =COUNTIF(Worksheet!$D$2:$D$1267,B42) -> 1 | I42: =VLOOKUP(A42,Worksheet!$C$2:$D$1267,2,0) -> JARINGAN SYARAF TIRUAN | J42: =IF(B42=I42,1,0) -> 1
A43: =VLOOKUP(B43,[2]Sheet1!$D$5:$L$185,9,0) -> EB4007 | B43: PENGOLAHAN CITRA DIGITAL | C43: P | D43: =COUNTIF(Worksheet!$D$2:$D$1267,B43) -> 1 | I43: =VLOOKUP(A43,Worksheet!$C$2:$D$1267,2,0) -> PENGOLAHAN CITRA DIGITAL | J43: =IF(B43=I43,1,0) -> 1
A44: =VLOOKUP(B44,[2]Sheet1!$D$5:$L$185,9,0) -> EB3101 | B44: RANGKAIAN ELEKTRONIKA | C44: P | D44: =COUNTIF(Worksheet!$D$2:$D$1267,B44) -> 1 | I44: =VLOOKUP(A44,Worksheet!$C$2:$D$1267,2,0) -> RANGKAIAN ELEKTRONIKA | J44: =IF(B44=I44,1,0) -> 1
A45: =VLOOKUP(B45,[2]Sheet1!$D$5:$L$185,9,0) -> EC3102 | B45: SISTEM TELEKOMUNIKASI | C45: P | D45: =COUNTIF(Worksheet!$D$2:$D$1267,B45) -> 1 | I45: =VLOOKUP(A45,Worksheet!$C$2:$D$1267,2,0) -> SISTEM TELEKOMUNIKASI | J45: =IF(B45=I45,1,0) -> 1
A46: =VLOOKUP(B46,[2]Sheet1!$D$5:$L$185,9,0) -> ED4010 | B46: PROYEK PERANGKAT LUNAK | C46: P | D46: =COUNTIF(Worksheet!$D$2:$D$1267,B46) -> 6 | I46: =VLOOKUP(A46,Worksheet!$C$2:$D$1267,2,0) -> PROYEK PERANGKAT LUNAK | J46: =IF(B46=I46,1,0) -> 1
A47: =VLOOKUP(B47,[2]Sheet1!$D$5:$L$185,9,0) -> ES4248 | B47: TUGAS AKHIR | C47: R | D47: =COUNTIF(Worksheet!$D$2:$D$1267,B47) -> 75 | I47: =VLOOKUP(A47,Worksheet!$C$2:$D$1267,2,0) -> TUGAS AKHIR | J47: =IF(B47=I47,1,0) -> 1
... A53: =VLOOKUP(B53,[2]Sheet1!$D$5:$L$185,9,0) -> ES4143 | B53: PRAKTEK KERJA LAPANGAN | C53: R | D53: =COUNTIF(Worksheet!$D$2:$D$1267,B53) -> 16 | I53: =VLOOKUP(A53,Worksheet!$C$2:$D$1267,2,0) -> PRAKTEK KERJA LAPANGAN | J53: =IF(B53=I53,1,0) -> 1
A54: EA4114 | B54: PRAK. PROTEKSI SISTEM TENAGA | C54: R | D54: =COUNTIF(Worksheet!$D$2:$D$1267,B54) -> 11 | I54: =VLOOKUP(A54,Worksheet!$C$2:$D$1267,2,0) -> PRAK. PROTEKSI SISTEM TENAGA | J54: =IF(B54=I54,1,0) -> 1
A55: EA4117 | B55: PRAK. TRANSMISI & DISTRIBUSI | C55: R | D55: =COUNTIF(Worksheet!$D$2:$D$1267,B55) -> 10 | I55: =VLOOKUP(A55,Worksheet!$C$2:$D$1267,2,0) -> PRAK. TRANSMISI & DISTRIBUSI | J55: =IF(B55=I55,1,0) -> 1
A56: =VLOOKUP(B56,[2]Sheet1!$D$5:$L$185,9,0) -> ED4112 | B56: PRAKTIKUM ALGORITMA DAN STRUKTUR DATA | C56: R | D56: =COUNTIF(Worksheet!$D$2:$D$1267,B56) -> 10 | I56: =VLOOKUP(A56,Worksheet!$C$2:$D$1267,2,0) -> PRAKTIKUM ALGORITMA DAN STRUKTUR DATA | J56: =IF(B56=I56,1,0) -> 1
A57: =VLOOKUP(B57,[2]Sheet1!$D$5:$L$185,9,0) -> ED4113 | B57: PRAKTIKUM BASIS DATA | C57: R | D57: =COUNTIF(Worksheet!$D$2:$D$1267,B57) -> 10 | I57: =VLOOKUP(A57,Worksheet!$C$2:$D$1267,2,0) -> PRAKTIKUM BASIS DATA | J57: =IF(B57=I57,1,0) -> 1
A58: =VLOOKUP(B58,[2]Sheet1!$D$5:$L$185,9,0) -> ED4114 | B58: PRAKTIKUM JARINGAN KOMPUTER | C58: R | D58: =COUNTIF(Worksheet!$D$2:$D$1267,B58) -> 10 | I58: =VLOOKUP(A58,Worksheet!$C$2:$D$1267,2,0) -> PRAKTIKUM JARINGAN KOMPUTER | J58: =IF(B58=I58,1,0) -> 1
A59: EA4116 | B59: PRAK. ELEKTRONIKA DAYA | C59: R | D59: =COUNTIF(Worksheet!$D$2:$D$1267,B59) -> 6 | I59: =VLOOKUP(A59,Worksheet!$C$2:$D$1267,2,0) -> PRAK. ELEKTRONIKA DAYA | J59: =IF(B59=I59,1,0) -> 1
A60: =VLOOKUP(B60,[2]Sheet1!$D$5:$L$185,9,0) -> EB3104 | B60: PRAKTIKUM ELEKTRONIKA DIGITAL | C60: R | D60: =COUNTIF(Worksheet!$D$2:$D$1267,B60) -> 2 | I60: =VLOOKUP(A60,Worksheet!$C$2:$D$1267,2,0) -> PRAKTIKUM ELEKTRONIKA DIGITAL | J60: =IF(B60=I60,1,0) -> 1
A61: =VLOOKUP(B61,[2]Sheet1!$D$5:$L$185,9,0) -> EB3102 | B61: PRAKTIKUM RANGKAIAN ELEKTRONIKA | C61: R | D61: =COUNTIF(Worksheet!$D$2:$D$1267,B61) -> 2 | I61: =VLOOKUP(A61,Worksheet!$C$2:$D$1267,2,0) -> PRAKTIKUM RANGKAIAN ELEKTRONIKA | J61: =IF(B61=I61,1,0) -> 1
A62: =VLOOKUP(B62,[2]Sheet1!$D$5:$L$185,9,0) -> EB4113 | B62: PRAKTIKUM PENGOLAHAN SINYAL DIGITAL | C62: R | D62: =COUNTIF(Worksheet!$D$2:$D$1267,B62) -> 1 | I62: =VLOOKUP(A62,Worksheet!$C$2:$D$1267,2,0) -> PRAKTIKUM PENGOLAHAN SINYAL DIGITAL | J62: =IF(B62=I62,1,0) -> 1
A63: =VLOOKUP(B63,[2]Sheet1!$D$5:$L$185,9,0) -> EC4114 | B63: PRAKTIKUM SISTEM TELEKOMUNIKASI | C63: R | D63: =COUNTIF(Worksheet!$D$2:$D$1267,B63) -> 1 | I63: =VLOOKUP(A63,Worksheet!$C$2:$D$1267,2,0) -> PRAKTIKUM SISTEM TELEKOMUNIKASI | J63: =IF(B63=I63,1,0) -> 1
B64: FISIKA DASAR | C64: TPB | D64: =COUNTIF(Worksheet!$D$2:$D$1267,B64) -> 50 | J64: =IF(B64=I64,1,0) -> 0
B65: BAHASA INGGRIS I | C65: TPB | D65: =COUNTIF(Worksheet!$D$2:$D$1267,B65) -> 48 | J65: =IF(B65=I65,1,0) -> 0
B66: MATEMATIKA DASAR | C66: TPB | D66: =COUNTIF(Worksheet!$D$2:$D$1267,B66) -> 47 | J66: =IF(B66=I66,1,0) -> 0
B67: BAHASA INDONESIA | C67: TPB | D67: =COUNTIF(Worksheet!$D$2:$D$1267,B67) -> 44 | J67: =IF(B67=I67,1,0) -> 0
B68: BIOLOGI UMUM | C68: TPB | D68: =COUNTIF(Worksheet!$D$2:$D$1267,B68) -> 42 | J68: =IF(B68=I68,1,0) -> 0
B69: PANCASILA | C69: TPB | D69: =COUNTIF(Worksheet!$D$2:$D$1267,B69) -> 42 | J69: =IF(B69=I69,1,0) -> 0
B70: PENDIDIKAN AGAMA | C70: TPB | D70: =COUNTIF(Worksheet!$D$2:$D$1267,B70) -> 42 | J70: =IF(B70=I70,1,0) -> 0
B71: KIMIA DASAR | C71: TPB | D71: =COUNTIF(Worksheet!$D$2:$D$1267,B71) -> 41 | J71: =IF(B71=I71,1,0) -> 0
